Average of Concentration,Column Labels,,,,,,,,,,,,,,,,,,,,,,,,,,,,,,,,,,,,,,,,,,,,,,,,,,,,,,,,,,,,,,,,,,,,,,,,,,,,,,,,,,,,,,,,,,,,,,,,,,,,,,,,,,,,,,,,,,,,,,,,,,,,,,,,,,,,,,,,,,,,,,,,,,,,,,,,,,,,,,,,,,,,,,,,,,,,,,,,,,,,,,,,,,,,,,,,,,,,,,,,,,,,,,,,,,,,,,,,,,,,,,,,,,,,,,,,,,,,,,,,,,,,,,,,,,,,,,,,,,,,,,,,,,,,,,,,,,,,,,,,,,,,,,,,,,,,,,,,,,,,,,,,,,,,,,,,,,,,,,,,,,,,,,,,,,,,,,,,,,,,,,,,,,,,,,,,,,,,,,,,,,,,,,,,
Row Labels,"1,2,4-Triazole",1-Naphthol,"2,4-D","2,4-dimethylphenyl formamide (2,4-DMPF)","2,6-dichlorobenzamide","2,6-DIPN",3-Hydroxycarbofuran,4-Hydroxydiphenylamine,5-Hydroxythiabendazole,Abamectin,Acephate,Acequinocyl,Acetamiprid,Acetochlor,Afidopyropen ,Alachlor,Aldicarb,Aldicarb sulfone,Aldicarb sulfoxide,Aldrin,Allethrin,Ametoctradin,Ametryn,Aminomethylphosphonic acid (AMPA),Anilazine,Asulam,Atrazine,Azadirachtin A,Azadirachtin B,Azinphos methyl,Azinphos methyl oxygen analog,Azoxystrobin,Bendiocarb,Benomyl,Bensulide,Bensulide oxygen analog,Benzovindiflupyr,BHC alpha,BHC beta,Bifenazate,Bifenthrin,Boscalid,Bromacil,Bupirimate,Buprofezin,Captan,Carbaryl,Carbendazim (MBC),Carbofuran,Carboxin,Carfentrazone ethyl,Chlorantraniliprole,Chlordane cis,Chlordane trans,Chlordanes Total,Chlorfenapyr,Chlorothalonil,Chlorpropham,Chlorpyrifos,Chlorpyrifos methyl,Chlorpyrifos oxygen analog,Clethodim,Clethodim sulfoxide,Clodinafop propargyl,Clofentezine,Clomazone,Clopyralid,Clothianidin,Coumaphos,Cyanazine,Cyantraniliprole,Cyazofamid,Cyclaniliprole,Cycloate,Cyflufenamid,Cyflumetofen,Cyfluthrin,"Cyhalothrin, Lambda","Cyhalothrin, Lambda epimer R157836","Cyhalothrin, Total (Cyhalothrin-L + R157836 epimer)",Cymoxanil,Cypermethrin,Cyphenothrin,Cyproconazole,Cyprodinil,Cyromazine,DCPA,DDD (TDE),"DDD o,p'","DDD p,p'",DDE,"DDE o,p'","DDE p,p'",DDT,"DDT o,p'","DDT p,p'",DEF (Tribufos),Deltamethrin  (includes parent Tralomethrin),Demeton-S sulfone,Desethyl atrazine,Desmedipham,Diazinon,Diazinon oxygen analog,Dichlorvos (DDVP),Diclofop methyl,Dicloran,"Dicofol o,p'","Dicofol p,p'",Dicofol Total,Dicrotophos,Dieldrin,Difenoconazole,Diflubenzuron,Diflufenzopyr,Dimethenamid,Dimethoate,Dimethomorph,Dinotefuran,Diphenylamine (DPA),Disulfoton,Disulfoton sulfone,Disulfoton sulfone oxygen analog,Disulfoton sulfoxide,Disulfoton sulfoxide oxygen analog,Diuron,Dodine,Doramectin,Emamectin benzoate,Endosulfan I,Endosulfan II,Endosulfan sulfate,Endosulfans Total,Endrin,EPTC,Esfenvalerate,Esfenvalerate+Fenvalerate Total,Ethaboxam,Ethalfluralin,Ethephon,Ethion,Ethion mono oxon,Ethoprop,Ethoxyquin,Etofenprox,Etoxazole,Etridiazole,Famoxadone,Fenamidone,Fenamiphos,Fenamiphos sulfone,Fenamiphos sulfoxide,Fenarimol,Fenazaquin,Fenbuconazole,Fenbutatin oxide,Fenhexamid,Fenobucarb (BPMC),Fenpropathrin,Fenpropimorph,Fenpyroximate,Fenthion,Fenvalerate,Fipronil,Fipronil sulfone (MB46136),Flonicamid,Fluazifop butyl,Fluazinam,Flubendiamide,Fludioxonil,Flufenacet,Flumioxazin,Fluopicolide,Fluopyram,Fluoxastrobin,Flupyradifurone,Fluridone,Flusilazole,Flutolanil,Flutriafol,Fluvalinate,Fluxapyroxad,Folpet,Forchlorfenuron,Formetanate hydrochloride,Glyphosate,Heptachlor,Heptachlor epoxide,Hexachlorobenzene (HCB),Hexaconazole,Hexythiazox,Hydroprene,Hydroxy Acequinocyl,Imazalil,Imidacloprid,Imidacloprid desnitro,Imidacloprid urea,Imiprothrin,Indaziflam,Indoxacarb,Ipconazole,Iprodione,Iprodione metabolite isomer,Isofetamid,Isoprothiolane,Ivermectin,Kresoxim-methyl,Lambda cyhalothrin R ester,Lambda cyhalothrin S ester,Lambda cyhalothrin total,Lindane (BHC gamma),Linuron,Malathion,Malathion oxygen analog,Mandipropamid,Metalaxyl/Mefenoxam,Metaldehyde,Metconazole,Methamidophos,Methidathion,Methiocarb,Methomyl,Methoprene,Methoxychlor olefin,"Methoxychlor p,p'",Methoxychlor Total,Methoxyfenozide,Metolachlor,Metolachlor oxanilic acid (OA),Metrafenone,Metribuzin,Mevinphos E,Mevinphos Total,Mevinphos Z,MGK-264,Mirex,Molinate,Monocrotophos,Myclobutanil,Naled,Napropamide,Nonachlor cis,Nonachlor trans,Norflurazon,Norflurazon desmethyl,Novaluron,Omethoate,O-Phenylphenol,Oryzalin,Oxadiazon,Oxadixyl,Oxamyl,Oxamyl oxime,Oxathiapiprolin,Oxychlordane,Oxydemeton methyl,Oxydemeton methyl sulfone,Oxyfluorfen,Parathion ethyl,Parathion methyl,Parathion methyl oxygen analog,Parathion oxygen analog,Penconazole,Pendimethalin,Pentachloroaniline (PCA),Pentachlorobenzene (PCB),Pentachlorophenyl methyl sulfide,Penthiopyrad,Permethrin cis,Permethrin Total,Permethrin trans,Phenmedipham,Phenothrin,Phenthoate,Phorate,Phorate oxygen analog sulfone,Phorate sulfone,Phorate sulfoxide,Phosalone,Phosmet,Phosmet oxygen analog,Phosphamidon,Piperonyl butoxide,Pirimiphos methyl,Prallethrin,Prochloraz,Profenofos,Prometon,Prometryn,Pronamide,Propachlor,Propamocarb,Propamocarb hydrochloride,Propanil,Propargite,Propetamphos,Propiconazole,Propiconazole I,Propiconazole II,Propoxur,Prothioconazole desthio,Pydiflumetofen,Pymetrozine,Pyraclostrobin,Pyrethrins,Pyridaben,Pyridalyl,Pyrimethanil,Pyriofenone,Pyriproxyfen,Quinoxyfen,Quintozene (PCNB),Quizalofop ethyl,Resmethrin,RH 9129 (fenbuconazole metab.),RH 9130 (fenbuconazole metab.),SD-31723,SD-33608,Sethoxydim,Sethoxydim sulfone,Sethoxydim sulfoxide,Simazine,Spinetoram,Spinosad,Spinosad A,Spinosad D,Spirodiclofen,Spiromesifen,Spiromesifen alcohol,Spiromesifen Total (parent + enol metabolite),Spirotetramat,Sulfentrazone,Sulfoxaflor,Tebuconazole,Tebufenozide,Tecnazene,Terbacil,Terbufos sulfone,Terbufos sulfoxide,Terbutryn,Tetrachlorvinphos,Tetraconazole,Tetradifon,Tetrahydrophthalimide (THPI),Tetramethrin,Thiabendazole,Thiacloprid,Thiamethoxam,Thiobencarb,Thiodicarb,Thiophanate methyl,Thymol,Tolfenpyrad,Toxaphene,Triadimefon,Triadimenol,Triazole acetic acid (TAA),Triazole alanine (TA),Triazophos,Trichlorfon,Tricyclazole,Trifloxystrobin,Triflumizole,Trifluralin,Triforine,Triticonazole,Vinclozolin,Vinclozolin metabolite E,Zoxamide,Grand Total
AL,,,,,,,,,,,1.121E-07,,,,,,,,,,,,,,,,,,,,,,,,,,,,,,9.128E-09,,,,,,5E-10,,,,,,,,,,,,,,,,,,,,,,,,,,,,,,,,,,,,,,,,,,,,,,,,,,,,,,,,,,,,,,,,4.8E-09,,,,,,,,,,,,,,,,,,,,,,,,,,,,,,,,,,,,,,,,,,,,,,,,,,,,,,,,,,,,,,,,,,,,,,,,,,,,,,,,,,,,,,,,,,,,,,,,,,,,,,,,,,,,,,,,,,,,,,,,,,,0.000000005,,,,,,,,,,,,,,,,,,,,,,,,,,,,,,,,,,,,,,,,,,,,,,,,7.5E-09,,,,,,,,,,,,,,,,,,,,,,,,,,,,,,,,,,,,,,,,,,,,,,,,,,,,,,,,,,,,,,,,,,,,,,,,,,,,,,,,,,,,,,,1.36607E-08
AR,,2.5E-09,,,,,,,,,,,,,,,,,,,,,,,,,,,,,,,,,,,,,,,,,,,,,1.375E-09,,,,,,,,,,,,,,,,,,,,,,,,,,,,,,,,,,,,,,,,,,,,,,,,,,,,,,,,,,,,,,,,4.8E-09,,,,,,,,,,,,,,,,,,,,,,,,,,,,,,,,,,,,,,,,,,,,,,,,,,,,,,,,,,,,,,,,,,,,,,,,,,,,,,,,,,,,,,,,,,,,,,,,,,,,,,,,,,,,,,,,,,,,,,,,,,,0.000000005,,,,,,,,,,,,,,,,,,,,,,,,,,,,,,,,,,,,,,,,,,,,,,,,,,,,,,,,,,,,,,,,,,,,,,,,,,,,,,,,,,,,,,,,,,,,,,,,,,,,,,,,,,,,,,,,,,,,,,,,,,,,,,,,,,,,,,,3.06667E-09
AZ,,,,,,,,,,,,,,,,,,,,,,,,,,,,,,,,,,,,,,,,,,,,,,,,,,,,,,,,,,,,,,,,,,,,,,,,,,,,,1.98E-08,,,,,,,,,,,,,,,,2.03914E-07,,,9.1E-09,,,,,,,,,,,,,,,2.2E-09,,,,,,,,2.8E-09,,,,,,,,,,,,1.52E-08,,,,,,,,,,,,,,,,,,,,,,,,,,,,,,,,,,,,,,,,,,,,,,,,,,,,,,,,,,,,,,,,,,,,,,,,,,,,,,,,,,,,,,,,,,,,,,,,,,,,,,,,,,,,,,,,,,,,,,,,,,,,,,,,,,,,,,,,,,,,,,,,,,,,,,,,,,,,,,,,,,,,,,,,,,,,,,,,,,,,,,,,,,,,,,,,,,,,,,,,,,,,,,,,,,,,,,,,,,,,,,,,,,,,,,,,,,,,,,1.07636E-07
CA,0.000000005,2.9585E-07,4.79231E-08,1.59561E-08,,,2.67317E-09,,4.556E-09,0.000000026,6.31911E-08,3.0452E-07,3.1445E-08,,,,,4.0625E-08,3.6375E-08,,0.000000017,1.24922E-06,,,0.00000024,,3.25E-09,2.25E-08,,5.99466E-08,,1.03686E-07,0.000000017,3.13791E-07,5.6E-09,7.53043E-09,1.95E-09,0.000000001,,1.08192E-07,1.83765E-08,5.2329E-08,,2.4E-09,1.94091E-08,4.15452E-07,1.07874E-07,2.12136E-08,6.4275E-08,0.000000017,0.000000005,9.36894E-08,3.79559E-09,3.41892E-09,,3.45742E-08,1.279E-07,1.74668E-06,1.88029E-08,2.69805E-08,2.2E-09,,,,2.16318E-08,,1.3972E-07,2.62634E-08,2.80952E-09,,1.64293E-07,5.39171E-07,,,8.99851E-09,6.0595E-08,1.59547E-07,2.95267E-08,1.768E-08,1.79058E-08,1.03867E-07,3.86067E-07,3.87E-08,,1.51455E-07,1.60941E-08,1.64212E-08,1.325E-08,4.83548E-09,1.56497E-08,1.79483E-08,2.54706E-09,1.19841E-08,1.60377E-08,2.49085E-09,5.07804E-09,1.45E-09,1.58528E-08,0.000000025,,,3.03262E-08,0.000000005,5.61453E-08,,3.1559E-07,4.66318E-08,1.4552E-07,2.98214E-07,,1.02393E-08,4.23205E-08,7.50882E-09,,,3.11499E-08,2.02665E-07,4.34697E-08,3.29758E-07,,1.06667E-08,,,4.3375E-09,5.21727E-08,3.33E-08,,5.55556E-09,3.03294E-08,3.02867E-08,1.49488E-08,5.0375E-08,7.41429E-09,8.02882E-08,3.96986E-08,3.17621E-08,,,1.27362E-07,2.15E-08,,4.54E-09,1.47122E-07,2.44667E-08,1.31306E-08,0.000000017,8.11392E-07,3.41735E-07,,,,0.000000058,5.23333E-09,3.98E-08,1.73672E-07,2.08344E-07,,1.03324E-07,,2.59733E-08,,2.8625E-08,0.000000003,,1.7953E-07,,,2.83448E-08,4.14069E-07,,0.000000006,1.64523E-07,5.67273E-08,2.21E-08,8.31468E-08,2.27857E-09,,,3.51557E-08,2.65238E-09,4.52923E-08,0.00000017,4.85E-09,7.28414E-08,,,1.08222E-08,3.0098E-10,1.96E-08,3.69309E-08,0.00000001,2.8E-09,9.79022E-08,2.24548E-08,2.88512E-09,3.20385E-09,5.83E-08,,1.14153E-07,0.000000055,2.76071E-07,2.76813E-07,,0.000000051,0.000000002,5.45128E-09,,,1.82857E-07,0.000000003,3.97184E-08,4.25312E-08,6.34125E-09,4.6731E-07,2.37368E-08,,,2.6388E-08,6.3125E-09,,2.0444E-07,3.46333E-08,,4.135E-08,2.02022E-07,1.29318E-07,6.01818E-09,,1.8E-09,2.625E-08,,4.204E-08,,2.55681E-08,1.7E-09,,,4.44825E-08,,5.83667E-08,1.25E-09,2.95E-09,3.63333E-09,1.52167E-08,2.65447E-08,2.74022E-08,2.32042E-07,0.000000021,3.675E-09,,4.08449E-08,7.97455E-08,5.40667E-08,,4.22857E-08,4.65E-09,2.4037E-09,5.75E-08,4.0955E-08,,,2.63E-08,9.74127E-09,6.41649E-09,5.66579E-09,6.9E-09,1.21688E-07,3.73486E-07,1.43148E-06,4.18517E-07,,,,,,1.41071E-08,0.00000001,0.000000005,1.09895E-07,3.36E-08,0.000000024,1.16105E-07,3.76667E-09,1.92833E-07,0.000000082,,,7.65309E-09,7.475E-09,,6.60429E-08,1.33506E-06,,2.3916E-07,,1.07514E-07,3.29848E-08,4.92045E-08,,,0.000000019,1.89333E-08,6.65755E-08,0.00000029,2.20655E-08,,5.57182E-07,5.9E-09,1.69111E-08,1.5347E-08,1.57526E-08,,0.000000041,0.000000041,0.00000001,0.000000012,0.00000001,,,,3.5E-09,3.0787E-08,4.46175E-08,3.35287E-08,1.27642E-08,3.55956E-08,4.78383E-08,1.572E-08,3.8E-09,2.35751E-08,,3.82049E-08,6.13801E-08,2.21545E-08,,,,2.4E-09,2.58E-08,,1.5452E-08,0.00000001,3.84883E-07,0.00000055,3.60308E-07,8.61875E-09,1.42934E-08,1.7E-09,,4.36185E-08,4.53333E-08,4.3092E-08,2.02153E-07,0.000000042,8.91111E-08,2.35841E-08,3.32732E-08,,4.4E-09,0.000000043,2.44251E-08,5.14562E-08,4.73742E-08,,0.000000029,8.27006E-08,,,1.82484E-07
CO,,1.11455E-07,0.000000008,1.95333E-08,,,1.01E-08,,,,1.1185E-07,1.5075E-07,3.34963E-08,,,,,2.66667E-09,9.71429E-09,,,9.66187E-07,,,0.00000019,,2.45E-09,,,6.17282E-08,,1.40353E-07,,4.93353E-07,0.000000046,0.000000031,,1.3E-09,,1.06485E-07,2.01215E-08,6.70946E-08,0.000000002,,2.17792E-08,5.80571E-07,6.66339E-08,3.17314E-08,3.05E-08,,,1.64238E-07,2.1E-09,2.2E-09,,0.000000039,1.48775E-07,1.82782E-06,1.99028E-08,2.68063E-08,,,,,,,1.312E-07,3.85922E-08,3.2E-09,,1.5787E-07,8.12487E-07,,,9.25714E-09,3.33133E-08,1.65816E-07,9.82E-09,,2.72338E-08,0.000000098,4.68365E-07,,,2.09427E-07,1.04197E-07,1.55068E-08,,3.15556E-09,1.7445E-08,2.46712E-08,4.53333E-09,9.6679E-09,1.1375E-08,2.18214E-09,3.14375E-09,,1.76533E-08,,,,7.41515E-09,,2.54E-08,,2.62793E-07,0.000000024,1.17631E-07,0.00000064,,1.20671E-08,3.37E-08,2.16E-08,,,1.11124E-07,3.59119E-07,3.99436E-08,3.58814E-07,,0.000000015,,0.000000008,,1.721E-07,3.33E-08,,3.3E-09,2.4871E-08,1.85449E-08,2.49879E-08,5.55E-08,0.000000007,7.925E-08,2.62222E-08,2.03348E-08,,,1.59222E-07,0.000000005,,0.000000002,1.8781E-07,2.5E-09,7.40417E-09,,1.17427E-06,3.54281E-07,,,,,7.85E-09,7.094E-08,9.39667E-08,2.01339E-07,,1.22092E-07,,2.87914E-08,,2.825E-08,,,2.11288E-07,,,1.57682E-08,3.6859E-07,,9.3E-09,2.36988E-07,2.16839E-08,,9.1561E-08,,,6.6E-09,5.33929E-08,1.4E-09,2.72194E-08,,,4.6403E-08,,,2.05E-09,2.11111E-10,,4.77611E-08,,,7.92254E-08,8.38842E-08,2.70625E-09,1.73333E-09,,,1.92841E-07,,3.35642E-07,2.89077E-07,1.7E-09,0.000000098,,8.425E-09,,,,,4.01094E-08,3.75366E-08,4.1E-09,6.27491E-07,3.15125E-08,,,3.42346E-08,8.33333E-09,,1.87917E-07,0.000000025,,,2.07471E-07,2.24026E-07,2.83333E-09,,,6.45E-09,,8.5E-09,,5.35E-08,,,,3.76183E-08,,,,,,1.12333E-08,2.28614E-08,7.38391E-08,6.23755E-08,,,,4.08167E-08,4.06E-08,,,0.000000008,,,9.66667E-09,6.15E-08,,0.000000003,,6.16875E-09,3.96364E-09,,,3.16E-08,3.12672E-07,1.61128E-06,3.30823E-07,,,,,,,,,1.14857E-07,5.66667E-09,0.000000003,7.02041E-08,7.36667E-09,,,,,5.85286E-08,8.78571E-09,,0.000000018,4.27632E-07,,2.30432E-07,,1.0265E-07,,,,,1.045E-08,0.000000015,5.65064E-08,0.00000027,1.73667E-08,,6.21223E-07,,2.55667E-08,1.17E-08,6.38333E-09,,3.75E-08,,,0.000000012,,,,,0.000000205,5.46986E-08,9.58656E-08,2.79652E-08,1.61167E-08,3.38E-08,3.79308E-08,3.57E-08,3.8E-09,2.41645E-08,,2.09286E-08,7.51918E-08,7.3125E-08,,,,,,,1.81462E-08,0.000000027,2.52858E-07,,3.13002E-07,7.81579E-09,1.43837E-08,1.85E-08,,7.38E-08,4.45E-08,1.97222E-08,8.898E-08,,,1.63278E-08,3.36885E-08,1.9E-09,,0.000000021,1.25603E-08,4.97171E-08,3.10146E-08,0.000000017,,2.807E-07,,,1.90571E-07
DE,,,,,,,,,,,,,,,,,,,,,,,,,,,,,,,,,,,,,,,,,,,,,,,,,,,,,,,,,,,,,,,,,,,,,,,,,,,,,,,,,,,,,,,,,,,,,,,,,,,,,,,,,,,,,,,,,,,,,,,,,,,,,,,,,,,,,,,,,,,,,7.2E-09,,,,,,,,,,,,,,,,,,,,,,,,,,,,,,,,,,,,,,,,,,,,,,,,,,,,,,,,,,,,,,,,,,,,,,,,,,,,,,,,,,,,,,,,,,,,,,,,,,,,,,,,,,,,,,,,,,,,,,,,,,,,,,,,,,,,,,,,,,8.07E-08,,,,,,,,,,,,,,,,,,,,,,,,,,,,,,,,,,,,,,,,,,,,,,,,,,,,,,,,,,,,,,,,,,,,,,,,,,,,,,,,,,,,,,,,,,4.395E-08
FL,0.000000005,2.82962E-07,2.43333E-08,2.44259E-08,,,2.98333E-09,,1.04545E-08,,1.78865E-07,6.04444E-07,5.01176E-08,,1.7E-09,0.00000048,,2.16E-08,7.52295E-08,,3.35E-08,9.68573E-07,,,,,7.07917E-09,,,6.26374E-08,,1.35319E-07,,1.94276E-07,4.5E-09,0.000000005,3.52222E-09,,1.7E-09,1.07791E-07,3.79268E-08,1.1698E-07,0.000000002,,6.31889E-08,6.6076E-07,1.11245E-07,3.03188E-08,1.65E-08,,1.5E-09,8.36363E-08,8.73529E-09,4.425E-09,1.67E-08,5.03913E-08,1.4176E-07,1.46671E-06,2.13628E-08,2.82351E-08,,,3.33E-08,,1.34833E-08,1.4E-09,1.37311E-07,3.38146E-08,1.46452E-09,,1.566E-07,2.57721E-07,1.66E-08,0.000000001,1.23569E-08,4.3484E-08,1.80572E-07,1.52895E-08,0.00000001,2.29181E-08,7.65E-08,3.78496E-07,0.000000102,,1.49683E-07,4.3333E-08,1.72768E-08,,3.23548E-09,1.45277E-08,2.28756E-08,2.22857E-09,1.13123E-08,0.000000015,2.96724E-09,4.81429E-09,1.8E-09,1.68403E-08,,,,1.79147E-08,,7.6825E-08,1.1E-09,4.02105E-07,4.00606E-08,1.21419E-07,3.36055E-07,,1.29093E-08,4.2124E-08,4.50278E-08,,,9.48225E-08,2.01494E-07,5.62836E-08,3.41755E-07,,3.5E-09,,,,4.21545E-08,2.49667E-08,,1.335E-08,2.25802E-08,2.03894E-08,3.70767E-08,8.85631E-08,4.8E-09,4.35E-09,3.1709E-08,4.38316E-08,2.34333E-08,,1.35923E-07,7.80909E-08,,0.000000013,1.72522E-07,0.00000014,9.29798E-09,,4.86932E-07,5.72458E-07,,0.000000006,8.775E-09,6.475E-08,1.1155E-07,2.69062E-08,1.2876E-07,2.00815E-07,3.1E-09,1.15327E-07,,2.45746E-08,,3.36794E-08,3.825E-09,,2.05757E-07,,,7.10267E-08,4.2023E-07,,8.43333E-09,3.05373E-07,2.28391E-08,1.206E-08,1.99424E-07,4.45E-09,,4.68421E-09,2.23847E-08,2.332E-09,3.07135E-08,,3.3E-09,4.84451E-08,,,5.5E-09,2.28571E-10,,3.65614E-08,2.18E-08,,8.2699E-08,2.24788E-08,2.352E-09,2.155E-08,8.93E-08,0.000000003,9.6981E-08,,2.6405E-07,1.96095E-07,,3.27E-08,,2.76154E-09,,,,0.000000006,3.36433E-08,3.0491E-08,4.77143E-09,6.27545E-07,2.96828E-08,,,5.65125E-08,1.15833E-08,,1.45327E-07,0.000000043,8.63333E-09,1.45727E-08,1.84833E-07,1.5118E-07,6.04333E-09,,7.5E-09,5.77778E-09,,2.375E-08,,1.94191E-08,,,,3.89922E-08,,4.205E-08,1.4E-09,1.4E-09,,7.71429E-09,3.52248E-08,3.29393E-08,3.35973E-07,,3.05E-09,,6.63535E-08,1.1662E-07,3.24E-09,0.000000011,0.000000018,1.36667E-08,1.7E-09,9.6E-09,2.45417E-08,0.00000001,,,7.63542E-09,6.38511E-09,8.9E-09,8.28E-09,7.44817E-08,3.35757E-07,1.97854E-06,3.41778E-07,1.112E-07,0.000000029,,,,5.22857E-08,5.97143E-08,0.000000002,1.09281E-07,1.97833E-08,,7.63473E-08,7.1625E-09,6.63214E-08,,2.875E-09,,1.7487E-08,5.22667E-09,,7.87365E-08,2.1163E-07,,3.13146E-07,5.23E-08,8.13064E-08,,,,2.525E-09,3.095E-08,1.34E-08,6.30501E-08,,1.88444E-08,,5.15239E-07,,2.49745E-08,1.10253E-08,5.7878E-09,,0.000000013,,,,,,,,7.41429E-09,3.078E-08,3.34221E-08,5.55815E-08,2.06369E-08,3.76711E-08,2.93488E-08,1.87095E-08,5.63333E-08,1.68953E-08,,9.89783E-07,5.33333E-08,4.86371E-08,,,,,,6.7E-09,1.49127E-08,,2.65917E-07,,3.18957E-07,1.87889E-08,1.9007E-08,,0.000000003,5.554E-08,5.53333E-08,1.08772E-07,9.58909E-08,0.00000002,4.5E-09,3.76771E-08,4.73009E-08,,,2.42E-08,1.60559E-08,2.84413E-08,3.03212E-08,,,9.16648E-08,,2.54E-08,1.90921E-07
GA,,,,,,,,,,,,,,,,,,4.3E-09,,,,,,,,,,,,,,,,,,,,,,,,,,,,,7.2E-10,,,,,,,,,,,,,,,,,,,,,,,,,,,,,,,,,,,,,,,,,,,,,,6.45E-09,,,,,,,,,2.816E-08,,,,,,,,,4.8E-09,,,,,,,,,,,,,,,,,,,,,,,,,,,,,,,,,,,,,,,,,,,,,,,,,,,,0.000000001,,,,,,,,,,,,,,,,,,,,,,,,,,,,,,,,,,,,,,,,,,,,,,,,,,,,,,,,,5.9E-09,,,,,,,,,,,,,,0.000000005,,,,,,,,,,,,,,,,,,,,,,,,,,,,,,,,,,,,,,,,,,,,,,,,7.5E-09,,,,,,,,,,,,,,,,,,,,,,,,,,,,,,,,,,,,,,,,,,,,,,,,,,,,,,,,,,,,,,,,,,,,,,,,,,,,,,,,,,,,,,,8.2136E-09
IA,,0.000000005,,,,,,,,,,,,,,,,,,,,,,,,,,,,,,,,,,,,,,,,,,,,,1.35714E-09,,,,,,,,,,7.5E-09,,,,,,,,,,,,,,,,,,,,,,,,,,,,,,,,,,,,1.8E-09,,,,,,,,,,,,,,,,,,8.1E-09,,,,,,,,,,,,,,,,,,,,,,,,,,,,,,,,,,,,,,,,,,,,,,,,,,,,,,,,,,,,,,,,,,,,,,,,,,,,5.2E-09,,,,,,,,,,,,,,,,,,,,,,,,,,,,,,,,,,,,,,,,,,,,,,,,,,,,,,,,,,,,,,,,,,,,,,,,,,,,,,,,,,,,,,,,,,,,,,,7.5E-09,,,,,,,,,,,,,,,,,,,,,,,,,,,,,,,,,,,,,,,,,,,,,,,,,,,,,,,,,,,,,,,,,,,,,,,,,,,,,,,,,,,,,,,2.91579E-09
ID,,,,,,,,,,,,,,,,,,,,,,,,,,,,,,,,,,,,,,,,,,,,,,,,,,,,,,,,,,,,,,,,,,,,,,,,,,,,,,,,,,,,,,,,,,,,,7.48889E-09,,,,,,,,,,,,,,,,,,2.2E-09,,,,,,,,,,,,,,,,,,,,0.000000002,,,,,,,,,,,,,,,,,,,,,,,,,,,,,,,,,,,,,,,,,,,,,,,,,,,,,,,,2.05E-09,1.5E-09,,,,,,,,,,,,,,,,,,,,,,,,,,,,,,,,,,,,,,,,,,,,,,,,,,,,,,,,,,,,,,,,,,,,,,,,,,,,,,,,,,,,,,,,,,,,,,,,,,,,,,,,,,,,,,,,,,,,,,,,,,,,,,,,,,,,,,,,,,,,,,,,,,,,,,,,,,,,,,,,,,,,,,,,,,,,,,,,,,,,,5.29333E-09
IL,,,,,,,,,,,,,,,,,,,,,,,,,,,,,,,,,,,,,,,,,,,,,,,,,,,,,,,,,,,,,,,,,,,,,,,,,,,,,,,,,,,,,,,,,,,,,9.3E-09,,,,,,,,,,,,,,,,,,4.1E-09,,,,,,,,,,,,,,,,,,,,,,,,,,,,,,,,,,,,,,,,,,,,,,,,,,,,,,,,,,,,,,,,,,,,,,,,,,,,1.3E-09,,,,,,,,,,,,,,,,,,,,,,,,,,,,,,,,,,,,,,,,,,,,,,,,,,,,,,,,,,,,,,,,,,,,,,,,,,,,,,,,,,,,,,,,,,,,,,,,,,,,,,,,,,,,,,,,,,,,,,,,,,,,,,,,,,,,,,,,,,,,,,,,,,,,,,,,,,,,,,,,,,,,,,,,,,,,,,,,,,,,,,5.64667E-09
IN,,,,,,,,,,,,,,,,,,,,,,,,,,,,,,,,,,,,,,,,,,,,,,,1.4E-09,,,,,,,,,,,,,,,,,,,,,,,,,,,,,,,,,,,,,,,,,,,,,,,,,,,,,,,,,,,,,,,,,,,,,,,,,,,,,,,,,,,,,,,,,,,,,,,,,,,,,,,,,,,,,,,,,,,,,,,,,,,,,,,,,,,,,,,,,,,,,,,,,,,,,,,,,,,,,,,,,,,,,,,,,,,,,,,,,,,,,,,,,,,,,,,,,,,,,,,,,,,,,,,,,,,,,,,,,,,,,,,,,,,,,,,,,,,,,,,,,,,,,,,,,,,,,,,,,,,,,,,,,,,,,,,,,,,,,,,,,,,,,,,,,,,,,,,,,,,,,,,,,,,,,,,,,,,,,,,,,,1.4E-09
KS,,,,,,,,,,,,,,,,,,,,,,,,,,,,,,,,,,,,,,,,,1.55E-09,,,,,,,,,,,,,,,,,,,,,,,,,,,,,,,,,,,,,,,3.05455E-09,,,,,,,,,,4.6E-09,,,6.31887E-09,,,1.61E-08,,,,,,,,,,,,,,,4.65E-09,,,,,,,,,,,,,,,,,,,,,,,,,,,,,,,,,,,,,,,,,,,,,,,,,,,,,,,,,,,,,,,,,,,,,,,,,,,,,1.6E-09,,,,,,,,,,,,,,,,,,,,,,,,,,,,,,,,,,,,,,,,,,,,,,,,,,,,,,,,,,,,,,,,,,,,,,,,,,,,,,,,,1.465E-08,,,,,,,,,,,,,,,,,,,,,,,,,,,,,,,,,,,,,,,,,,,,,,,,,,,,,,,,,,,,,,,,,,,,,,,,,,,,,,,,,,,,,,,,,,,,,,,,,,,,5.62169E-09
KY,,3.75E-09,,,,,,,,,,,,,,,,,,,,,,,,,,,,,,,,,,,,,,,,,,,,,8.25E-09,,,,,,,,,,,,,,,,,,,,,,,,,,,,,,,,,,,,,,,,,,,,,,1.5E-09,,,,,,,,,,,,,,,,,,,,,,,,,,,,,,,,,,,,,,,,,,,,,,,,,,,,,,,,,,,,,,,,,,,,,,,,,,,,,,,,,,,,,,,,,,,,,,,,,,,,,,,,,,,,,,,,,,,,,,,,,,,,,,,,,,,,,,,,,,,,,,,,,,,,,,,,,,,,,,,,,,,,,,,,,,,,,,,,,,,,,,,,,,,,,,,,,,,,,,,,,,,,,,,,,,,,,,,,,,,,,,,,,,,,,,,,,,,,,,,,,,,,,,,,,,,,,,,,,,,,,,,,,,,,,,,,,,,,5.1E-09
LA,,,,,,,,,,,,,,,,,,,,,,,,,,,,,,,,,,,,,,,,,,,,,,,,,,,,,,,,,,,,,,,,,,,,,,,,,,,,,,,,,,,,,,,,,,,,,0.000000004,,,,,,,,,,,,,,,,,,4.8E-09,,,,,,,,,,,,,,,,,,,,,,,,,,,,,,,,,,,,,,,,,,,,,,,,,,,,,,,,,,,,,,,,,,,,,,,,,,,,,,,,,,,,,,,,,,,,,,,,,,,,,,,,,,,,,,,,,,,,,,,,,,,,,,,,,,,,,,,,,,,,,,,,,,,,,,,,,,,,,,,,,,,,,,,,,,,7.5E-09,,,,,,,,,,,,,,,,,,,,,,,,,,,,,,,,,,,,,,,,,,,,,,,,,,,,,,,,,,,,,,,,,,,,,,,,,,,,,,,,,,,,,,,5.43333E-09
MD,0.000000005,1.3545E-07,,1.44235E-08,,,5.7E-09,,7.77619E-09,0.000000002,1.92314E-07,2.425E-07,3.18621E-08,,,,,5.16667E-08,5.474E-08,,,3.39903E-07,,,0.00000016,,6.3E-09,0.000000127,0.000000039,5.13952E-08,,2.0847E-07,,5.05955E-07,9.26E-08,9.16667E-09,2.92E-09,,,9.23259E-08,7.31951E-08,6.97059E-08,,,3.6633E-08,4.05495E-07,9.45404E-08,3.73908E-08,1.28E-08,,,1.45115E-07,4.19048E-09,3.02857E-09,,4.67E-08,1.21006E-07,1.63487E-06,2.56318E-08,2.23404E-08,,,,,3.06667E-08,0.000000005,1.62235E-07,3.48358E-08,1.27E-09,,2.81224E-07,1.08621E-06,,,1.01091E-08,2.95071E-08,2.24458E-07,3.4987E-08,1.08E-08,2.99436E-08,7.25E-08,4.51854E-07,0.000000037,,1.177E-07,2.09103E-08,2.2327E-08,,2.91429E-09,7.15E-09,0.000000019,9.6E-09,8.09411E-09,0.000000013,3.76875E-09,7.28333E-09,,2.2596E-08,,,,1.51984E-08,,9.28625E-08,,4.05752E-07,4.10909E-08,9.08288E-08,9.36E-08,,1.70417E-08,5.30972E-08,1.92154E-08,,,1.10507E-07,1.76367E-07,4.50056E-08,2.04866E-07,,,,,,2.39333E-08,,,2.97167E-08,2.183E-08,1.92518E-08,2.69554E-08,,0.000000005,,4.20303E-08,4.37098E-08,9.275E-09,,3.43625E-07,0.000000003,,0.000000013,2.655E-07,1.7E-09,8.28333E-09,,2.59893E-07,6.38315E-07,,0.000000022,0.00000012,0.000000075,1.785E-08,9.17305E-08,6.146E-08,1.58104E-07,,9.28066E-08,2.25E-08,1.79607E-08,,9.4E-09,2.525E-09,,2.24253E-07,0.000000002,,4.95329E-08,4.0363E-07,,,2.1711E-07,2.14034E-08,0.000000035,5.12635E-08,2.45E-09,,0.000000019,6.04313E-08,1.03333E-09,4.19838E-08,,,2.00214E-08,,,7.2E-09,2.36364E-10,,2.54735E-08,,,7.99479E-08,3.51541E-08,3.46957E-09,1.45E-09,,,1.89695E-07,,3.1146E-07,5.902E-07,,,,2.5E-09,,,0.00000038,4.5E-09,4.03101E-08,5.36408E-08,7.55238E-09,7.43896E-07,3.56095E-08,,,7.22968E-08,0.000000007,0.000000001,2.2182E-07,,,4.52222E-08,,7.82521E-08,6.08E-09,0.000000051,,1.975E-08,,,0.000000003,1.6725E-08,2.1E-09,,,5.79846E-08,,,1.1E-09,1.9E-09,2.48E-08,1.80875E-08,7.10292E-08,3.98812E-08,2.52206E-07,0.000000021,,,6.73983E-08,9.44815E-08,,,0.000000009,,2.475E-09,1.46E-08,2.41892E-08,,,,7.225E-09,4.69048E-09,4.35E-09,,2.25628E-07,4.26342E-07,1.04119E-06,4.97091E-07,5.5E-09,,,,,0.000000012,0.00000001,0.000000004,8.07267E-08,1.3425E-08,,7.63396E-08,0.000000005,6.81667E-08,,,1.7E-09,7.45385E-09,9.96429E-09,,9.81833E-08,3.13732E-07,,1.88158E-07,,9.63099E-08,4.01905E-08,5.425E-08,,,2.35688E-08,0.000000019,6.38172E-08,,1.545E-08,,5.20018E-07,,9.67143E-09,1.00529E-08,5.51176E-09,,3.52E-08,,,0.000000012,,,,,1.33333E-08,2.87099E-08,2.43608E-08,3.86458E-08,1.83107E-08,3.21405E-08,6.38185E-08,3.013E-08,,1.6514E-08,,2.64667E-08,4.95107E-08,3.19372E-08,,,,,,,1.49528E-08,,3.25328E-07,,2.7428E-07,1.082E-08,1.49079E-08,0.000000017,,5.7625E-08,0.000000109,3.88333E-08,5.43E-08,,0.000000036,3.42929E-08,4.74244E-08,,2.8E-09,,1.55338E-08,3.42879E-08,3.66848E-08,,,8.19153E-08,,1.7725E-08,1.6928E-07
MI,,4.3696E-07,2.125E-08,1.26E-08,,,1.63182E-08,,1.74231E-08,,1.8193E-07,0.000000123,4.43813E-08,,,,,1.8125E-08,4.11571E-08,,0.000000047,7.47762E-07,,,0.000000138,,3.81739E-09,,,5.22051E-08,,1.00351E-07,,2.72312E-07,8.8E-09,1.46154E-08,4.9E-09,,1.7E-09,1.06623E-07,4.11247E-08,1.03432E-07,2.5E-09,,4.63714E-08,6.3955E-07,1.01639E-07,3.14642E-08,0.00000006,,,7.6587E-08,4.72955E-09,3.72333E-09,,1.83333E-08,1.13228E-07,1.52997E-06,1.98542E-08,2.36536E-08,,,3.33E-08,0.000000005,2.62167E-08,,1.49739E-07,3.40522E-08,1.5E-09,,3.09622E-07,8.34515E-07,,,1.005E-08,4.35435E-08,1.77641E-07,7.67632E-09,,3.3292E-08,6.68E-08,5.15661E-07,,,1.48473E-07,4.28873E-08,1.13538E-08,0.00000002,2.8E-09,9.76444E-09,2.59938E-08,2.5E-09,8.18239E-09,2.775E-08,2.20758E-09,3.62373E-09,,1.82667E-08,,,,2.0043E-08,7.8E-09,5.28176E-08,,3.35387E-07,1.85158E-08,1.42603E-07,0.000000635,,1.33563E-08,4.07024E-08,1.626E-08,,1.7E-09,6.60044E-08,3.24523E-07,4.86929E-08,3.30739E-07,6.75E-09,1.45E-08,,,,2.285E-08,1.176E-07,,1.986E-08,2.8078E-08,2.17552E-08,3.8584E-08,8.81558E-08,7.16667E-09,,3.6045E-08,6.95541E-08,1.085E-08,,2.39348E-07,6.15E-09,,0.000000002,1.45933E-07,2.6E-09,1.00976E-08,,4.76632E-07,5.42513E-07,0.000000003,5.75E-08,7.834E-08,0.000000016,4.01333E-08,8.57225E-08,1.44894E-07,1.96177E-07,,1.24317E-07,,2.6053E-08,0.000000004,3.19167E-08,0.000000003,,2.21543E-07,1.7E-09,,2.99976E-08,4.79342E-07,,,3.27621E-07,3.0425E-08,2.05E-09,1.43657E-07,3.75E-09,,8.57143E-09,4.13976E-08,2.3E-09,7.28813E-08,0.000000047,,9.165E-08,,,2.4652E-08,2.14286E-10,,2.06085E-08,,,8.54914E-08,3.71163E-08,2.55294E-09,6.81667E-08,,1.5E-09,1.80015E-07,,4.78977E-07,3.03104E-07,,2.5E-09,,1.41818E-08,,,,0.00000071,3.04163E-08,2.67409E-08,2.85455E-09,7.44015E-07,2.82512E-08,,,5.72455E-08,1.32353E-08,,1.48718E-07,0.000000025,,8.45E-09,1.28897E-07,1.29118E-07,3.72E-09,,,9.65E-09,0.00000001,8.45556E-08,,2.8169E-08,,,,4.48363E-08,,,,,,9.45E-09,3.09744E-08,3.05984E-08,1.49586E-07,,,0.000000033,4.8192E-08,9.10408E-08,,,1.88E-08,2.5E-09,2.21667E-09,7.31111E-08,3.3618E-08,,0.000000005,,7.70417E-09,5.28261E-09,7.95E-09,2.9E-09,3.61161E-07,4.01592E-07,1.58298E-06,4.32856E-07,2.615E-08,,0.00000001,,,1.95E-08,1.562E-08,,9.12078E-08,2.564E-08,0.00000016,6.21445E-08,6.37143E-09,0.000000123,,4.53333E-09,1.7E-09,2.84333E-08,4.92353E-09,,9.55067E-08,4.95325E-07,,2.8522E-07,1.13E-08,1.13179E-07,,,,,2.73222E-08,3.9E-09,1.49353E-07,,1.31522E-08,,5.57452E-07,,1.82143E-08,1.24128E-08,5.73529E-09,,2.43077E-08,,,,,,,,3.2E-09,3.33464E-08,6.16808E-08,5.21043E-08,2.76673E-08,3.30675E-08,3.46111E-08,2.55647E-08,7.4E-09,3.44265E-08,,2.915E-08,6.20534E-08,5.81024E-08,,,0.000000003,,,,1.55952E-08,,2.2358E-07,0.000000017,2.91146E-07,1.12448E-08,1.71407E-08,0.000000025,,6.09522E-08,0.00000017,1.92432E-07,8.04E-08,,3.33333E-09,2.86678E-08,4.09898E-08,1.8E-09,,0.000000028,2.5446E-08,3.3122E-08,2.67238E-08,,,1.17808E-07,,1.5E-09,1.87204E-07
MN,,,,,,,,,,,,,,,,,,,,,,,,,,,,,,,,,,,,,,,,,3.2E-09,,,,,,,,,,,,,,,,,,,,,,,,,,,,,,,,,,,,,,,1.9E-09,,,,,,,,,,,,,1.85867E-07,,,8.9E-09,,,,,,,,,,,,,,,2.2E-09,,,,,,,,,,,,,,,,,,,,3.02E-08,,,,,,,,,,,,,,,,,,,,,,,,,,,,,,,,,,,,,,,,,,,,,,,,,,,,,,,,1.3E-09,1.2E-09,,,,,,,,,,,,,,,,,,,,,,,,,,,,,,,,,,,,,,,,,,,,,,,,,,,,,,,,,,,,,,,,,,,,,,,,,,,,,,,,,,,,,,,,,,,,,,7.5E-09,,,,,,,,,,,,,,,,,,,,,,,,,,,,,,,,,,,,,,,,,,,,,,,,,,,,,,,,,,,,,,,,,,,,,,,,,,,,,,,,,,,,,,,6.93059E-08
MO,,,,,,,,,,,,,,4.33333E-09,,9.42857E-09,,,,,,,0.000000011,2.27931E-06,,,5.075E-09,,,0.000000022,,1.66333E-09,,,,,,,0.000000007,,,2.36667E-09,,,,,6.96923E-09,,0.000000033,1.75E-09,,,,,,,,,7.26414E-09,1.06012E-07,,,,,,,,,,5.5E-09,,,,,,,1.60839E-07,0.000000003,0.000000011,7.36667E-09,,0.000000016,,,,,,0.000000008,,0.000000003,,,2.36667E-09,,,,,1.08149E-08,,,,1.26061E-08,,,9.5E-09,,,,,,4.14815E-09,0.000000007,,,3.66667E-09,,,,,0.000000005,0.000000025,,,,,,,,,,,,,,,,,,,,,0.000000003,,,,,,,,0.000000047,,,,,,,,,,,,,,,,,,,,0.000000059,,,,,,1.2E-09,,,,,,,,,1.27687E-06,,0.000000008,,,,0.000000035,,0.000000014,,,,,,,,,,,,,,,,,1.36667E-08,,8.78503E-08,2.25E-08,,0.000000016,,7.4E-09,,,1.19E-08,,1.28773E-07,,1.15955E-08,4.16579E-08,2.49333E-08,3.53846E-09,,,,,,,,,,,,,,,,,0.00000001,,,,,,,,,,,,,,0.000000022,2.05E-08,,,,0.000000023,,,,,,2.19107E-08,,,,,0.000000013,,0.000000008,,,,,,1.30152E-08,1.53553E-08,,,,,,,,,,0.000000008,,0.000000002,,,,,,,,2.24615E-09,,,,,,,,,2.25E-09,,2.625E-08,,,,,,,,,,,,,,,,,0.000000025,,,,,,,,,,8.3E-09,,,,1.47143E-08,,,,,,,,,,,,,,,,2.25E-09,,1.90435E-08,,,,,,2.41581E-07
MS,,,,,,,,,,,,,,,,,,,,,,,,,,,,,,,,,,,,,,,,,,,,,,,,,,,,,,,,,,,,,,,,,,,,,,,,,,,,,,,,,,,,,,,,,,,,,3.27778E-09,,,,,,,,,,,,,,,,,,4.8E-09,,,,,,,,,,,,,,,,,,,,,,,,,,,,,,,,,,,,,,,,,,,,,,,,,,,,,,,,,,,,,,,,,,,,,,,,,,,,,,,,,,,,,,,,,,,,,,,,,,,,,,,,,,,,,,,,,,,,,,,,,,,6.582E-08,,,,,,,,,,,,,,,,,,,,,,,,,,,,,,,,,,,,,,,,,,,,,,,,6.512E-08,,,,,,,,,,,,,,,,,,,,,,0.0000001,,,,,,,,,,,,,,,,,,,,,,,,,,,,,,,,,,,,,,,,,,,,,,,,,,,,,,,,,,,,,,,,,3.2328E-08
NC,,0.00000054,0.000000023,0.00000001,,,,,4.7E-09,,2.07179E-07,,2.21427E-08,,,,,0.000000013,0.000000076,,,3.2675E-08,,,,,3.625E-09,,,8.34722E-08,,1.97209E-07,,1.13714E-07,,0.000000003,,,,,6.44053E-08,3.06264E-08,,,1.07733E-08,1.37431E-07,1.1458E-07,1.70263E-08,,,,8.64284E-08,,1.91E-08,,1.746E-08,8.52525E-08,2.17015E-06,2.2703E-08,2.35222E-08,,,,,,,1.89375E-07,9.35435E-09,,,,,,,,,3.26204E-07,2.3E-09,,1.93941E-08,,7.77445E-07,,,3.89881E-08,8.8E-09,1.3096E-08,,,,2.12143E-08,,4.18116E-09,1.44E-08,,1.15E-08,,3.20775E-08,,,,1.07875E-07,,0.000000003,,7.76339E-07,,0.000000024,5.20333E-07,,1.21167E-08,2.13313E-08,5.21538E-09,0.000000057,,3.50531E-07,4.51438E-08,3.60071E-08,6.04718E-07,0.00000011,,,,,,,,,5.96E-09,5.425E-09,1.74082E-07,7.16111E-08,,,5.3E-09,4.70733E-08,,,,1.24E-08,,,,,1.35667E-08,,9.56667E-09,1.56607E-07,,,,,,1.95E-08,7.17778E-08,3.76667E-08,,4.106E-08,,4.55619E-08,,,,,8.62917E-08,,,9.09629E-08,6.14395E-07,,,7.26765E-08,1.83848E-08,,2.41281E-07,1.55E-09,,,1.17286E-07,,3.00521E-08,,,3.13588E-07,,2.7E-09,,1.8E-09,,1.68E-08,,,1.29552E-07,1.13604E-08,1.525E-09,4.3E-09,,,2.04176E-07,,3.72366E-07,,,,,7.95E-09,,,,1.56667E-08,9.61429E-08,1.336E-08,0.000000002,1.32039E-07,1.01618E-08,,,8.54922E-08,,,1.7619E-07,0.000000025,,,1.31429E-07,1.36389E-07,1.7E-09,,,2.53333E-08,,1.58E-08,,1.4825E-08,,,,3.16928E-08,,,,,,,1.905E-08,2.27731E-08,1.04248E-07,,,,4.45833E-08,2.96667E-08,,,,,1.7E-09,0.000000005,5.40606E-08,,,,4.18333E-09,3.16E-09,,,8.16241E-08,1.97031E-08,1.29696E-06,1.74719E-08,2.42667E-08,,,,,,,,6.30714E-08,,0.00000013,6.2275E-08,,,,,,,,,9.5775E-08,1.84444E-07,,4.01583E-07,,3.5775E-08,,,,,9.25E-09,,7.36422E-08,,0.000000002,,6.58652E-08,,8.15E-09,5.99444E-09,6.33333E-09,,,,,,,,,,,1.9916E-08,2.5575E-08,8.875E-09,2.5E-09,0.00000005,,,,1.34529E-08,,,3.3565E-08,2.6E-09,,,,,,,5.99565E-09,,1.24893E-07,,5.0058E-07,9.8E-09,9.2127E-09,,,0.000000007,0.000000023,1.39533E-06,,,,,,,,,6.23902E-09,0.000000016,4.82268E-08,,,3.43333E-08,,,2.04277E-07
NE,,,,,,,,,,,,,,,,,,,,,,,,,,,,,,,,,,,,,,,,,,,,,,,,,,,,,,,,,,,,,,,,,,,,,,,,,,,,,,,,7.36E-09,,,,,,,,,,,,,4.42258E-09,,,,,,,,,,,,,,,,,,2.736E-09,,,,,,,,,,,,,,,,,,,,2.45E-09,,,,,,,,,,,,,,,,,,,,,,,,,,,,,,,,,,,,,,,,,,,,,,,,,,,,,,,,1.3E-09,,,,,,,,,,,,,,,,,,,,,,,3.3E-09,,,,,,,,,,,,,,,,,,,,,,,,,,,,,,,,,,,,,,,,,,,,,,,,,,,,,,,,,,,1.22E-08,,,,,,,,,,,,,7.5E-09,,,,,,,,,,,,,,,,,,,,,,,,,,,,,,,,,,,,,,,,,,,,,,,,,,,,,,,,,,,,,,,,,,,,,,,,,,,,,,,,,,,,,,,3.93429E-09
NY,0.000000005,2.65849E-07,1.84286E-08,1.71808E-08,0.000000074,,1.56286E-08,1.87619E-07,1.45E-08,,1.75505E-07,3.228E-07,3.87456E-08,8.6E-09,2.85E-09,,,2.825E-08,4.43703E-08,0.000000003,0.000000018,1.48736E-06,,,,5.8E-09,7.3875E-09,,,4.82826E-08,2.5E-09,1.50147E-07,0.000000017,2.56806E-07,2.42E-08,3.58333E-09,3.2E-09,,3.35E-09,9.0481E-08,3.68911E-08,1.0153E-07,9.7E-09,,2.10587E-08,5.47166E-07,9.09902E-08,3.56902E-08,0.000000038,,,1.14731E-07,4.73971E-09,4.16087E-09,,2.01929E-08,1.58819E-07,1.44002E-06,1.79268E-08,2.19921E-08,,3.8E-09,,,1.33778E-08,5.5E-09,1.4675E-07,2.36949E-08,2.12105E-09,,5.02339E-07,4.61287E-07,3.865E-08,0.000000001,9.36415E-09,5.44931E-08,1.81587E-07,4.11841E-08,0.000000028,3.59241E-08,3.88571E-08,4.17805E-07,,0.000000015,1.27803E-07,3.15208E-08,1.83088E-08,3.90909E-09,2.53077E-09,6.44898E-09,1.1242E-08,0.000000005,7.04631E-09,9.93506E-09,2.81496E-09,3.9205E-09,0.000000003,4.08252E-08,1.06429E-08,1.18E-08,,2.59776E-08,0.00000006,5.48E-08,,3.31021E-07,5.27455E-08,1.62627E-07,2.3887E-07,,1.45264E-08,3.80844E-08,1.66429E-08,,1.7E-09,5.58204E-08,2.9968E-07,3.29625E-08,2.97394E-07,,7.76667E-09,,,,2.89429E-08,2.57667E-08,0.000000005,8.81429E-09,2.1857E-08,2.05221E-08,3.105E-08,3.48914E-08,4.73E-09,9.14333E-08,3.26431E-08,5.19463E-08,2.215E-08,3.7E-09,2.744E-07,4.4617E-09,,6.4E-09,1.92525E-07,0.000000049,1.07965E-08,,3.1456E-07,3.44297E-07,3.5E-09,3.115E-08,6.558E-08,6.1425E-08,1.87E-08,7.2622E-08,1.24354E-07,2.02277E-07,,1.31267E-07,,2.29964E-08,,3.95043E-08,6.075E-09,,1.69861E-07,,0.000000017,8.91126E-08,4.22507E-07,,5.1E-09,1.69193E-07,2.32119E-08,5.92E-09,1.25587E-07,1.78571E-09,,6.85185E-09,6.97974E-08,1.99E-09,5.26399E-08,0.0000001,,6.65084E-08,,,5.37826E-09,2.4359E-10,,3.01113E-08,2.18E-08,,7.46884E-08,2.68428E-08,3.57326E-09,4.505E-09,,,1.4162E-07,,4.71498E-07,1.9771E-07,,2.6E-09,,6.51176E-09,,3.81818E-08,1.14235E-07,0.000000005,3.25664E-08,3.46166E-08,3.52584E-09,7.2083E-07,3.34855E-08,,0.000000055,5.80367E-08,7.77419E-09,0.000000046,1.35138E-07,0.00000017,,1.1275E-08,1.36436E-07,1.06336E-07,4.24783E-09,,8.49091E-09,8.2E-09,0.00000001,4.15893E-08,,3.22019E-08,,,,4.1927E-08,0.000000012,,1.7E-09,2.725E-09,0.000000008,8.08E-09,5.20402E-08,2.63782E-08,3.07775E-07,,,0.00000001,4.72774E-08,8.60756E-08,2.65E-09,4.33333E-09,8.42857E-09,0.000000082,2.65E-09,1.52222E-08,1.82066E-08,,0.000000021,,6.16148E-09,8.41807E-09,9.71538E-09,1.0325E-08,1.486E-07,3.46788E-07,1.21288E-06,3.64291E-07,1.0232E-07,,,,0.000000005,0.000000028,4.61429E-08,0.000000115,7.95145E-08,7.945E-09,9.71429E-09,8.08953E-08,4.34E-09,9.34545E-08,,1.7E-09,1.7E-09,2.11854E-08,4.51515E-09,0.000000002,7.96351E-08,4.14509E-07,,3.49002E-07,,7.45809E-08,,,0.000000005,1.9E-09,2.37923E-08,2.8375E-08,1.042E-07,,1.67111E-08,,4.92687E-07,1.4E-09,1.27515E-08,1.59402E-08,1.02817E-08,,3.09048E-08,0.000000015,,0.000000041,1.96667E-08,,,0.000000042,1.05333E-08,3.18737E-08,3.22193E-08,5.01122E-08,2.6925E-08,3.21146E-08,3.90214E-08,1.72067E-08,6.1E-09,2.25439E-08,,3.98733E-08,6.14158E-08,2.98362E-08,2.05667E-08,,0.000000005,,,,1.9387E-08,,2.32727E-07,,2.72724E-07,9.54E-09,1.80031E-08,0.000000008,,3.445E-08,6.56667E-08,3.43607E-07,8.22E-08,2.16E-08,3.95E-09,2.68238E-08,4.72946E-08,,,,2.09749E-08,2.61088E-08,2.73496E-08,,,1.40487E-07,1.23333E-08,1.26E-08,1.64344E-07
OH,0.000000065,2.03232E-07,1.95333E-08,1.40842E-08,,,1.85167E-08,,1.094E-08,,1.87694E-07,4.946E-07,4.41831E-08,7.7E-09,,,0.000000033,2.12727E-08,3.10313E-08,,0.000000018,9.88789E-07,,,0.000000199,,3.612E-09,,,5.4687E-08,,1.21961E-07,,3.17535E-07,1.09E-08,0.000000013,5.05E-09,,,1.17911E-07,4.63793E-08,1.08136E-07,0.000000002,,2.96676E-08,8.80144E-07,1.27737E-07,2.81354E-08,1.63333E-08,,,1.21811E-07,4.49688E-09,4.69286E-09,5.44667E-08,3.44429E-08,1.06482E-07,1.57873E-06,1.73538E-08,1.82417E-08,,,,,,,9.192E-08,3.679E-08,2.36429E-09,,2.03688E-07,7.12978E-07,1.66E-08,8.9E-09,1.00704E-08,7.58E-08,2.28927E-07,1.05025E-08,,2.82752E-08,0.0000001,4.7328E-07,,,1.4098E-07,3.70842E-08,1.03649E-08,,2.27333E-09,6.25814E-09,2.01651E-08,2.2E-09,8.06109E-09,1.52222E-08,2.08095E-09,3.72133E-09,1.4E-09,1.17968E-08,0.00000002,,,1.86634E-08,0.000000005,5.8768E-08,,3.13536E-07,4.19714E-08,1.17241E-07,1.77739E-07,2.7E-09,1.2771E-08,5.83175E-08,6.329E-08,,,1.33127E-07,2.5358E-07,3.97861E-08,2.76381E-07,0.000000005,0.000000015,,,1.7E-09,5.05667E-08,0.000000029,,2.415E-08,2.89009E-08,2.50805E-08,4.72541E-08,5.98926E-08,2.6E-09,1.7E-09,3.49211E-08,4.01264E-08,3.35333E-08,,1.12682E-07,4.38889E-08,,0.000000002,1.36268E-07,,1.09022E-08,,3.69949E-07,6.07844E-07,,9.4E-09,2.686E-08,5.88333E-08,2.29333E-08,9.46536E-08,1.41405E-07,2.13957E-07,,1.31656E-07,1.2E-09,2.54657E-08,,2.875E-08,0.000000003,,2.46537E-07,,0.000000017,3.1276E-08,3.82237E-07,,,2.89591E-07,3.3882E-08,3.1E-09,1.29417E-07,1.7E-09,0.000000003,9.53125E-09,1.70542E-08,3.55E-09,9.70416E-08,0.000000098,3.3E-09,6.28423E-08,,,1.48857E-08,2.58333E-10,,2.72625E-08,,,8.1252E-08,6.60408E-08,3.27632E-09,1.6E-09,,,1.40826E-07,,3.44574E-07,1.42094E-07,,1.6E-09,,5.80526E-09,0.000000017,0.000000003,0.000000003,1.44E-08,3.68609E-08,3.0554E-08,3.55E-09,6.65288E-07,3.38431E-08,1.065E-07,,6.46167E-08,6.92857E-09,2.1E-09,1.26905E-07,0.000000036,0.000000002,1.25E-08,1.34156E-07,1.16446E-07,3.20417E-09,0.000000063,2.93333E-09,0.000000017,,3.94286E-08,,2.36971E-08,,,,3.9402E-08,,0.000000006,,,,1.3175E-08,3.98892E-08,4.08718E-08,1.15382E-07,1.67E-08,,0.000000033,6.20516E-08,1.03221E-07,,5.8E-09,1.56E-08,5.975E-08,3.34E-09,0.000000044,3.22958E-08,0.00000001,,,5.625E-09,5.51143E-09,7.91667E-09,3.875E-09,2.04783E-07,3.3029E-07,1.56677E-06,3.41799E-07,,,,,0.000000005,1.18889E-08,1.625E-08,,8.19978E-08,4.45E-08,1.185E-08,7.12315E-08,0.000000005,7.75E-08,,0.000000045,,6.82714E-08,5.7E-09,,9.56813E-08,4.11299E-07,,3.76345E-07,,7.43195E-08,,,0.000000004,1.3E-09,1.28375E-08,5.81E-08,9.25005E-08,0.000000013,3.07318E-08,,6.30327E-07,,2.34757E-08,1.2462E-08,6.96957E-09,,3.16E-08,0.000000015,,,,,0.000000025,5.86333E-08,3.2E-09,3.0821E-08,2.8869E-08,4.23514E-08,2.00079E-08,3.54943E-08,5.94783E-08,1.40889E-08,,2.4174E-08,,2.28667E-08,5.54543E-08,5.44186E-08,,,0.000000002,0.000000027,,3E-10,1.59387E-08,,2.23857E-07,,3.23955E-07,8.84231E-09,2.00499E-08,,,4.24818E-08,7.93333E-08,6.22069E-08,1.056E-07,0.000000029,0.000000003,2.94191E-08,4.16525E-08,,,,2.46354E-08,3.01831E-08,2.65569E-08,,,1.36185E-07,,0.000000015,1.83806E-07
OK,,,,,,,,,,,,,,,,,,,,,,,,,,,,,,,,,,,,,,,,,,,,,,,7.2E-10,,,,,,,,,,,,,,,,,,,,,,,,,,,,,,,,,,,,,,,,,,,,,,1.5E-09,,,,,,,,,,,,,,,,,,,,,,,,,,,,,,,,,,,,,,,,,,,,,,,,,,,,,,,,,,,,,,,,,,,,,,,,,,,,,,,,,,,,,,,,,,,,,,,,,,,,,,,,,,,,,,,,,,,,,,,,,,,,,,,,,,,,,,,,,,,,,3.192E-08,,,,,,,,,,,,,,,,,,,,,,,,,,,,,,,,,,,,,,,,,,,,,,,,4.01636E-08,,,,,,,,,,,,,,,,,,,,,,,,,,,,,,,,,,,,,,,,,,,,,,,,,,,,,,,,,,,,,,,,,,,,,,,,,,,,,,,,,,,,,,,2.64348E-08
OR,,,,,,,,,,,,,,,,,,,,,,,,,,,,,,0.000000013,,,,,,,,,,,,,,,,,,,,,,,,,,,,,,,,,,,,,,,,,,,,,,,,,,,,,,,,,,,,,,,,,,,,,,,,,,,,,,,,,,,,,,,,,0.000000017,,,,,,,,,,,,,,,,,,,,,,,,,,,,,,,,,,,,,,,8.66E-08,,,,,,,,,,,,,,,,,,,,,,,,,,,,,,,,,,,,0.00000003,,,,,,,,,,,,,,,,,,,,,,,,,,,,,,,,,,,,,,,,,,,,,,,,,,,,,1.25775E-06,,,,,,,,,,,,,,,,,,,,,,,,,,,,,,,,0.000000031,,,,,,,,,,,,,,,,,,,,,,,,,,,,,,,,,,,,,,,,,,,,,,,,,,,,,,,4.51429E-08,,,,,,,,,,,5.725E-07,,,,,,,,,,,,,,,,,,,,,,,,2.69645E-07
PA,,,,,,,,,,,,,,,,,,,,,,,,,,,,,,,,,,,,,,,,,2.5E-09,,,,,,,,,,,,7E-10,2.5E-09,,,,,,,,,,,,,,,,,,,,,,,,,,,,,,,,,,,,,,,7.45E-09,,,,,,,,,,,,,,,,,,3.53333E-09,,,,,,,,2.7E-09,,,,,,,,,,2.1E-09,2.8E-09,3.494E-08,,,,,,,,,,,,,,,,,,,,,,,,,,,,,,,,,,,,,,,,,,,,,,,,,,,,,,,,7.6E-09,,,,,,,,,,,,,,,,,,,,,,,,,,,,,,,,,,,,,,,,,,,,,,,,,,,,,,,,,,,,,,,,,,,3.8E-09,,,,,,,,,,,,,,,,,,,,,,,,,,,,,,,,,,,,,,,,,,,,,,,,,,,,,,,,,,,,,,,,,,,,,,,,,,,,,,,,,,,,,,,,,,,,,,,,,,,,,,,,,,,,,,,,,,,0.00000001
SC,,,,,,,,,,,,,,,,,,,,,,,,,,,,,,,,,,,,,,,,,,,,,,,5E-10,,,,,,,,,,,,2.5E-09,,,,,,,,,,,,,,,,,,,,,,,,,,,,,,,,,,4.63333E-09,,,,,,,,,,,,,,,,,,2.2E-09,,,,,,,,,,,,,,,,,,,,,,,,,,,,,,,,,,,,,,,,,,,,,,,,,,,,,,,,,,,,,,,,,,,,,,,,,,,,,,,,,,,,,,,,,,,,,,,,,,,,,,,,,,,,,,,,,,,,,,,,,,,,,,,,,,,,,,,,,,,,,,,,,,,,,,,,,,,,,,,,,,,,,,,,,,,,,,,,,,,,,,,,,,,,,,,,,,,,,,,,,,,,,,,,,,,,,,,,,,,,,,,,,,,,,,,,,,,,,,,,,,,,,,,,,,,,,,,,,,3.52E-09
SD,,,,,,,,,,,,,,,,,,,,,,,,,,,,,,,,,,,,,,,,,,,,,,,,,,,,,,,,,,,,,,,,,,,,,,,,,,,,,,,,,,,,,,,,,,,,,1.02E-08,,,,,,,,,,,,,,,,,,,,,,,,,,,,,,,,,,,,,,,,,,,,,,,,,,,,,,,,,,,,,,,,,,,,,,,,,,,,,,,,,,,,,,,,,,,,,,,,,,,,,,,,,,,,,,,,,,,,,,,,,,,,,,,,,,,,,,,,,,,,,,,,,,,,,,,,,,,,,,,,,,,,,,,,,,,,,,,,,,,,,,,,,,,,,,,,,,,,,,,,,,,,,,,,,,,,,,,,,,,,,,,,,,,,,,,,,,,,,,,,,,,,,,,,,,,,,,,,,,,,,,,,,,,,,,,,,,,,1.02E-08
TN,,,,,,,,,,,,,,,,,,,,,,,,,,,,,,,,,,,,,,,,,,,,,,,,,,,,,,,,,,,,,,,,,,,,,,,,,,,,,,,,,,,,,,,,,,,,,,,,,,,,,,,,,,,,,,,4.8E-09,,,,,,,,,,,,,,,,,,,,,,,,,,,,,,,,,,,,,,,,,,,,,,,,,,,,,,,,,,,,,,,,,,,,,,,,,,,,,,,,,,,,,,,,,,,,,,,,,,,3.3E-09,,,,,,,,,,,,,,,,,,,,,,,,,,,,,,,,,,,,,,,,,,,,,,,,,,,,,,,,,,,,,,,,,,,,,,,,,,,,,,,,,,,,,,,,,,,,,,,,,,,,,,,,,,,,,,,,,,,,,,,,,,,,,,,,,,,,,,,,,,,,,,,,,,,,,,,,,,,,,,,4.05E-09
TX,,4.18632E-07,2.88571E-08,1.72108E-08,0.00000002,1.8E-09,2.32105E-09,,0.000000002,,1.44871E-07,4.996E-07,4.72064E-08,,,,,9.72609E-09,1.88612E-08,1.9E-09,4.94286E-08,1.60414E-06,3.8E-09,,0.000000138,,3.7E-09,,,5.46933E-08,,9.84362E-08,0.000000017,2.85479E-07,3.8E-09,5.64286E-09,,,,9.53219E-08,3.32679E-08,6.4556E-08,0.000000002,,3.5683E-08,4.42883E-07,1.11557E-07,2.84157E-08,1.942E-08,,,1.2362E-07,4.32917E-09,2.82308E-09,,1.92333E-08,1.17608E-07,1.73657E-06,1.90274E-08,1.11697E-08,2.5E-09,,,,3.24571E-08,,1.10714E-07,2.63764E-08,1.64706E-09,,2.99321E-07,5.24514E-07,,0.000000001,8.78649E-09,4.04655E-08,2.05024E-07,3.03165E-08,0.00000001,2.21066E-08,0.000000076,4.69439E-07,,3.2E-09,1.33533E-07,3.38419E-08,1.99888E-08,0.000000005,3.44634E-09,1.42958E-08,2.20038E-08,1.84286E-09,8.59952E-09,3.27692E-08,2.53529E-09,3.46222E-09,4.75E-09,1.50767E-08,,,0.000000045,1.14785E-08,,4.03043E-08,,3.31934E-07,3.24778E-08,1.42824E-07,3.10769E-07,,1.1579E-08,1.03243E-07,2.34013E-07,,0.000000002,5.19287E-08,3.30654E-07,4.35031E-08,3.28323E-07,,0.000000008,0.000000002,,7.14E-09,3.32478E-08,0.000000025,,1.56778E-08,2.74216E-08,2.66799E-08,3.51444E-08,9.16404E-08,5.46E-09,9.03333E-08,3.40508E-08,3.94867E-08,,,1.71783E-07,1.151E-07,,0.000000002,1.6105E-07,1.96667E-09,9.68824E-09,,4.87879E-07,3.71213E-07,,7.55E-09,0.000000016,5.17143E-08,3.30333E-08,4.80774E-08,9.8385E-08,2.39094E-07,5.4E-09,9.93253E-08,3.7E-09,2.63532E-08,,3.48696E-08,4.1E-09,1.9E-09,1.70616E-07,0.00000001,,8.78589E-08,4.25433E-07,,,2.35337E-07,1.96035E-08,9.1E-09,2.5266E-07,2.04286E-09,,1.36E-08,1.8425E-08,7.23636E-09,3.82955E-08,0.000000185,2.625E-09,9.82071E-08,,,5.73333E-09,4.71429E-10,,1.83633E-08,,,8.42142E-08,3.22221E-08,4.0479E-09,2.44074E-09,,,9.6311E-08,,3.18114E-07,1.56043E-07,,8.59667E-08,,2.9625E-09,,,,0.000000031,4.19127E-08,3.37326E-08,3.48108E-09,7.84141E-07,2.64212E-08,,0.000000017,5.94854E-08,1.25E-08,,1.63243E-07,4.11176E-08,2.55E-09,1.16786E-08,1.50576E-07,1.99469E-07,3.3625E-09,,,1.86E-08,,1.50667E-08,,6.89348E-08,,,2.76667E-08,3.96255E-08,,0.000000002,1.4E-09,1.05E-09,,4.28E-09,4.04546E-08,3.86061E-08,2.12447E-07,,,0.000000033,3.98156E-08,4.38046E-08,1.32333E-08,,2.18857E-08,1.025E-08,2.21818E-09,0.000000814,4.52674E-08,0.000000005,0.000000034,3.66E-08,7.93097E-09,5.35357E-09,7.33214E-09,1.96667E-09,3.37045E-07,2.41837E-07,1.64198E-06,2.7964E-07,,,,0.000000003,,2.21667E-08,2.57833E-08,,9.38773E-08,1.64778E-08,0.000000079,1.2343E-07,0.000000011,5.32E-08,,4.2E-09,,5.68182E-09,6.07647E-09,,3.42E-08,4.57745E-07,,3.71723E-07,,8.19554E-08,,,,,1.0225E-08,2.91429E-08,8.57566E-08,,1.32613E-08,5.6E-09,5.97815E-07,,1.37674E-08,1.35978E-08,6.95217E-09,,0.000000027,,,0.000000012,,3.3E-09,,,5.56429E-08,2.70728E-08,3.7069E-08,5.17439E-08,2.35722E-08,3.46927E-08,1.9241E-08,1.69722E-08,5.25286E-08,1.68318E-08,,2.65288E-08,1.367E-07,1.29057E-07,,,,,,0.000000026,1.80448E-08,,1.84545E-07,,3.16687E-07,9.16E-09,1.98432E-08,,0.000000005,3.93615E-08,3.28571E-08,1.54109E-07,1.12843E-07,0.00000003,0.00000003,2.3507E-08,4.65333E-08,5.4E-09,5.6E-09,7.55E-08,1.71894E-08,3.73271E-08,2.24915E-08,,,1.83951E-07,,0.000000015,1.88312E-07
UT,,,,,,,,,,,,,,,,,,,,,,,,,,,,,,,,,,,,,,,,,,,,,,,,,,,,,,,,,,,,,,,,,,,,,,,,,,,,,,,,2.66667E-09,,,,,,,,,,,,,1.87538E-08,,,4.3E-09,,,,,,0.000000003,,,,,,,,,3.975E-09,,,,,,,,,,,,,,,,,,,,6.1E-09,,,,,,,,,,,,,,,,,,,,,,,,,,,,,,,,,,,,,,,,,,,,,,,,,,,,,,,,1.3E-09,,,,,,,,,,,,,,,,,,,,,,,,,,,,,,,,,,,,,,,,,,,,,,,,,,,,,,,,,,,,,,,,,,,,,,,,,,,,,,,,,,,,,,,,,,,,,,,,,,,,,,,,,,,,,,,,,,,,,,,,,,,,,,,,,,,,,,,,,,,,,,,,,,,,,,,,,,,,,,,,,,,,,,,,,,,,,,,,,,,,,,1.13308E-08
VA,,0.000000188,,,,,,,,,,,,,,,,,,,,,,,,,,,,,,,,,,,,,,,,,,,,,9.86E-08,,,,,,,,,,,,,,,,,,,,,,,,,,,,,,,,,,,,,,,,,,,,,,1.5E-09,,,,,,,,,,,,,,,,,,,,,,,,,,,,,,,,,,,,,,,,,,,,,,,,,,,,,,,,,,,,,,,,,,,,,,,,,,,,,,,,,,,,,,,,,,,,,,,,,,,,,,,,,,,,,,,,,,,,,,,,,,,,,,,,,,,,,,,,,,,,,6.65E-08,,,,,,,,,,,,,,,,,,,,,,,,,,,,,,,,,,,,,,,,,,,,,,,,0.00000006,,,,,,,,,,,,,,,,,,,,,,0.0000001,,,,,,,,,,,,,,,,,,,,,,,,,,,,,,,,,,,,,,,,,,,,,,,,,,,,,,,,,,,,,,,,,8.01375E-08
WA,0.000000065,1.42185E-07,2.19375E-08,2.14E-08,,,0.000000015,,,6.7E-09,1.18719E-07,1.222E-07,3.88223E-08,,,,,7.2E-09,1.336E-08,,0.000000031,5.03727E-07,,,1.175E-07,,,0.000000011,,5.49778E-08,,7.9436E-08,,3.99452E-07,0.000000018,4.5E-09,,,,7.4115E-08,2.09037E-08,7.75664E-08,0.000000002,,5.36798E-08,6.9575E-07,9.17451E-08,2.38402E-08,0.000000008,,0.000000015,8.10784E-08,3.92857E-09,2.66875E-09,,0.000000025,2.95148E-07,2.08402E-06,2.3725E-08,2.99109E-08,3.1E-09,,,,2.805E-08,3.8E-09,1.7115E-07,3.39723E-08,1.40909E-09,,3.82767E-07,2.51417E-07,,4.81111E-09,1.90214E-08,6.47636E-08,1.19893E-07,7.66563E-09,,3.83208E-08,4.125E-08,4.30672E-07,,,1.42547E-07,4.50303E-08,1.62952E-08,1.75E-08,5.52778E-09,2.37863E-08,2.79836E-08,2.05714E-09,9.34922E-09,1.19091E-08,2.206E-09,3.68889E-09,,1.13E-08,0.000000005,,,1.2226E-08,,5.42357E-08,,3.73749E-07,1.305E-08,1.01139E-07,0.000000269,,8.47292E-09,5.33163E-08,1.60708E-08,,,3.86429E-08,3.66103E-07,4.69569E-08,3.00646E-07,0.000000035,0.000000037,,0.000000005,0.000000013,4.774E-08,3.33E-08,,4.14E-09,3.65283E-08,2.43887E-08,3.54023E-08,1.23355E-07,0.000000028,3.18E-08,2.362E-08,3.21724E-08,,,1.85263E-07,6.05714E-08,,5.4E-09,1.92324E-07,,1.03969E-08,,5.489E-07,4.04529E-07,,,,0.000000024,,4.578E-08,1.93364E-07,1.86799E-07,,8.40152E-08,,3.13188E-08,,3.725E-08,0.000000003,,1.4839E-07,,,7.45205E-08,3.81439E-07,,,1.61682E-07,4.16327E-08,0.000000004,7.66093E-08,,,7.57143E-09,6.75762E-08,4.25714E-09,5.20105E-08,,3.3E-09,3.3811E-08,,,7.52105E-09,2.94737E-10,,4.19871E-08,,,8.42838E-08,4.51713E-08,2.248E-09,2.1E-09,,,7.39875E-08,,3.10558E-07,1.75754E-07,,1.7E-09,,3.35556E-09,,,,3.46E-09,4.46204E-08,3.18798E-08,2.93333E-09,5.92641E-07,1.97515E-08,,,3.08022E-08,0.000000014,,1.71739E-07,0.000000033,0.000000002,1.43333E-08,1.21321E-07,1.67331E-07,1.7E-09,,,5.525E-09,,2.27667E-08,,1.86556E-08,0.000000002,1.3E-09,,3.49352E-08,,,,,,7.56667E-09,3.35443E-08,4.19985E-08,1.18679E-07,1.67E-08,,3.03333E-08,3.79419E-08,5.77736E-08,,2.6E-09,1.66667E-08,4.5E-09,2.87143E-09,6.6E-09,4.745E-08,0.00000001,,,9.97778E-09,3.69167E-09,5.25455E-09,1.26667E-09,1.20736E-07,3.57159E-07,1.71961E-06,3.98181E-07,,,,,,1.675E-08,7.13333E-08,,9.59857E-08,1.84E-09,,5.27032E-08,9.3E-09,0.000000079,,2.6E-09,,2.15333E-08,4.74615E-09,,1.436E-07,1.07665E-06,5.73E-08,2.39555E-07,,7.05634E-08,,,,,0.00000001,3.7725E-08,7.67348E-08,,4.33833E-08,,5.40628E-07,,1.23941E-08,1.91505E-08,1.127E-08,,0.000000017,,,0.000000012,,,,,4.65E-09,2.8387E-08,4.91354E-08,4.24886E-08,2.256E-08,3.26485E-08,3.24909E-08,2.953E-08,,5.36231E-08,,3.40833E-08,5.93803E-08,1.555E-08,,7.5E-09,,,,3E-10,1.52957E-08,,3.79269E-07,,3.15957E-07,7.54E-09,1.37562E-08,,,3.51E-08,0.000000015,3.659E-08,1.47507E-07,0.000000022,0.000000002,1.72318E-08,3.73921E-08,8.2E-09,,0.000000026,1.85138E-08,3.11849E-08,2.69405E-08,,,8.90778E-08,,,1.87788E-07
WI,,2.35857E-07,1.175E-07,6.2E-09,,,0.00000016,,,,1.62165E-07,,4.30761E-08,,,,,4.66667E-09,1.15556E-08,,,,,,,,,,,4.90721E-08,,1.16402E-07,,4.24583E-07,,,,,,1.61167E-07,2.50958E-08,6.90446E-08,,,8.94E-08,6.60304E-07,4.90571E-08,2.31543E-08,0.000000677,,,2.84591E-08,3.26667E-09,3.76667E-09,0.000000053,,1.09096E-07,2.08066E-06,9.237E-08,0.000000032,,,,,,,0.000000025,3.08636E-08,1.65E-09,,,0.00000001,,0.000000001,,,1.18538E-07,8.9E-09,,2.10852E-08,,4.84255E-07,,,7.01881E-08,1.78885E-08,6.18991E-09,,1.4E-09,6.75882E-09,1.6125E-08,,9.16816E-09,,2.62E-09,3.16667E-09,,0.00000002,,,,1.01643E-08,,6.2275E-08,,2.50773E-07,1.55667E-08,7.02955E-08,,,1.93569E-08,1.57667E-08,,,,3.19617E-08,1.642E-07,4.68444E-08,2.6796E-07,,,,,,4.76E-08,,,,2.22673E-08,1.99904E-08,3.44944E-08,,0.000000044,,1.625E-08,3.645E-08,,,7.97273E-08,0.000000005,,9.35E-09,,,,,1.17667E-07,4.30833E-07,,,,0.000000067,,1.16682E-08,,1.79819E-07,,7.84516E-08,,1.91083E-08,,4.85E-08,,,2.73333E-08,,,0.000000005,3.41207E-07,,,6.89E-08,,0.000000002,,,,7.75E-09,,,,,,3.20182E-08,,,3.8875E-09,2.81818E-10,,1.95E-08,,,7.50828E-08,1.19677E-08,,,,,5.28957E-07,,3.64572E-07,2.05182E-07,,,,,0.000000017,,,,4.54926E-08,2.97769E-08,2.66E-09,9.54818E-08,3.38929E-08,,,5.43555E-08,,,1.18429E-07,,,0.000000008,,3.70855E-08,0.000000002,,,0.000000022,,,,2.4175E-08,,,,4.01702E-08,,,,,,,2.46667E-09,4.38814E-08,7.26435E-08,,,,5.57522E-08,8.15833E-08,,2.3E-09,1.56E-08,1.35E-08,,0.000000017,2.26667E-08,0.00000001,,,8.4E-09,1.02929E-08,1.471E-08,1.15333E-08,7.7E-09,4.25987E-07,1.81834E-06,4.53573E-07,,,,,,,,,6.65811E-08,0.000000218,,6.27375E-07,0.000000005,,0.000000013,,,1.46E-08,0.000000003,,,7.648E-07,,1.98444E-07,,7.37512E-08,,,,,,1.96667E-08,6.49858E-08,,1.53333E-08,,3.71582E-07,,4.01E-08,,1.67933E-08,,,,,,,,,,,8.445E-09,1.78056E-08,4.04778E-08,1.09722E-08,0.000000005,,,0.00000014,1.15E-08,,,6.02125E-08,4.92667E-08,,,,,,,,,1.70157E-07,,3.59804E-07,7.29286E-09,1.9481E-08,,,0.000000155,,,,0.000000038,0.000000004,2.85462E-08,3.56167E-08,,,,9.98333E-09,2.175E-08,1.97902E-08,,,1.19727E-07,0.000000006,,1.82877E-07
WV,,,,,,,,,,,,,,,,,,,,,,,,,,,,,,,,,,,,,,,,,,,,,,,5E-10,,,,,,,,,,,,,,,,,,,,,,,,,,,,,,,,,,,,,,,,,,,,,,,,,,,,,,,,,,,,,,,,,,,,,,,,,,,,,,,,,,,,,,,,,,,,,,,,,,,,,,,,,,,,,,,,,,,,,,,,,,,,,,,,,,,,,,,,,,,,,,,,,,,,,,,,,,,,,,,,,,,,,,,,,,,,,,,,,,,,,,,,,,,,,,,,,,,,,,,,,,,,,,,,,,,,,,,,,,,,,,,,,,,,,,,,,,,,,,,,,,,,,,,,,,,,,,,,,,,,,,,,,,,,,,,,,,,,,,,,,,,,,,,,,,,,,,,,,,,,,,,,,,,,,,,,,,,,,,,,,,5E-10
Grand Total,0.000000025,2.67315E-07,2.64528E-08,1.70752E-08,0.000000047,1.8E-09,6.32055E-09,1.87619E-07,8.8759E-09,1.15667E-08,1.57249E-07,3.39177E-07,4.02325E-08,5.86E-09,2.46667E-09,6.825E-08,0.000000033,1.90777E-08,3.79077E-08,2.45E-09,3.77895E-08,1.22217E-06,7.4E-09,2.27931E-06,1.79909E-07,5.8E-09,5.23706E-09,4.575E-08,0.000000039,5.56469E-08,2.5E-09,1.26609E-07,0.000000017,2.89939E-07,1.36161E-08,7.97051E-09,3.76389E-09,1.15E-09,3.42E-09,1.01904E-07,3.62633E-08,8.02834E-08,2.96667E-09,2.4E-09,3.51635E-08,5.66518E-07,1.01253E-07,2.96624E-08,5.61804E-08,4.8E-09,7.16667E-09,1.04924E-07,4.75158E-09,3.76313E-09,4.16333E-08,3.13629E-08,1.34406E-07,1.67093E-06,1.82843E-08,8.25204E-08,2.575E-09,3.8E-09,3.33E-08,0.000000005,2.24448E-08,3.925E-09,1.39291E-07,2.84933E-08,1.8781E-09,5.5E-09,2.59074E-07,5.69752E-07,2.395E-08,3.11E-09,1.03239E-08,5.01478E-08,1.88569E-07,2.51634E-08,1.51778E-08,2.59065E-08,6.92629E-08,4.43448E-07,5.92333E-08,7.13333E-09,1.4012E-07,3.99994E-08,1.63085E-08,8.2E-09,3.70404E-09,1.35012E-08,1.94905E-08,2.69362E-09,9.75382E-09,1.37023E-08,2.53108E-09,4.41713E-09,2.24545E-09,2.02622E-08,1.21471E-08,1.18E-08,0.000000045,2.21844E-08,2.5975E-08,5.78795E-08,6.7E-09,3.42806E-07,3.93308E-08,1.32686E-07,2.95428E-07,2.7E-09,1.24107E-08,5.19453E-08,7.1278E-08,0.000000057,2.98571E-09,7.07762E-08,2.6439E-07,4.4031E-08,3.15747E-07,2.80833E-08,1.30947E-08,0.000000002,6.5E-09,5.425E-09,4.76186E-08,3.53083E-08,0.000000005,1.44333E-08,2.55706E-08,2.28391E-08,3.27928E-08,6.29537E-08,7.54545E-09,6.78212E-08,3.4461E-08,4.43188E-08,1.74273E-08,3.7E-09,1.82834E-07,2.0831E-08,7.2E-09,5.42353E-09,1.69971E-07,2.65E-08,1.07152E-08,0.000000017,4.50227E-07,4.2523E-07,3.25E-09,2.51429E-08,4.47083E-08,5.62089E-08,2.92174E-08,6.57576E-08,1.37873E-07,2.05069E-07,4.25E-09,1.11253E-07,1.2475E-08,2.54407E-08,0.000000004,3.4276E-08,3.7186E-09,1.9E-09,1.89353E-07,4.56667E-09,0.000000017,5.83419E-08,4.17043E-07,0.000000059,7.85714E-09,2.22535E-07,3.40821E-08,1.13385E-08,1.32843E-07,2.33864E-09,0.000000003,8.58088E-09,4.21936E-08,3.1631E-09,5.00728E-08,0.000000106,3.34444E-09,7.11548E-08,1.27687E-06,2.7E-09,1.04508E-08,3.00621E-10,1.96E-08,3.18199E-08,2.208E-08,2.8E-09,8.50775E-08,3.4351E-08,3.24562E-09,5.84884E-09,6.86333E-08,2.25E-09,1.33277E-07,0.000000055,3.46879E-07,2.33207E-07,1.7E-09,3.674E-08,0.000000002,6.26471E-09,0.000000017,3.525E-08,1.56889E-07,2.82543E-08,3.81296E-08,5.89411E-08,4.53757E-09,6.27577E-07,2.91704E-08,1.065E-07,3.73429E-08,5.46323E-08,8.85124E-09,1.338E-08,1.59738E-07,7.1046E-08,0.000000005,1.82803E-08,1.52324E-07,1.34877E-07,4.24278E-09,0.000000057,6.45263E-09,1.26681E-08,0.00000001,3.71533E-08,0.000000003,3.05466E-08,1.975E-09,1.3E-09,2.76667E-08,4.17388E-08,0.000000012,3.81714E-08,1.4375E-09,2.22E-09,1.14167E-08,1.13983E-08,3.76989E-08,3.42489E-08,2.20491E-07,1.885E-08,3.46667E-09,2.85714E-08,5.10613E-08,8.73479E-08,2.41E-08,4.8125E-09,1.89509E-08,3.04043E-08,2.43423E-09,6.9265E-08,3.2903E-08,9.375E-09,1.575E-08,3.145E-08,8.00559E-09,6.19024E-09,7.69014E-09,6.55333E-09,1.8365E-07,3.4933E-07,1.54542E-06,3.80834E-07,6.16824E-08,0.000000029,0.00000001,1.15714E-08,0.000000005,2.07687E-08,3.66514E-08,3.1875E-08,9.40221E-08,2.16753E-08,1.87969E-08,9.38849E-08,1.19958E-08,9.02755E-08,4.75E-08,7.14545E-09,1.7E-09,1.96591E-08,6.3218E-09,0.000000002,7.82514E-08,5.27938E-07,1.26952E-08,2.98963E-07,1.05143E-08,8.77304E-08,3.47241E-08,5.055E-08,4.5E-09,2.21667E-09,2.3456E-08,2.48289E-08,8.5932E-08,1.546E-07,1.96502E-08,5.6E-09,5.48496E-07,3.65E-09,1.74468E-08,1.37728E-08,8.92018E-09,2.25E-09,2.94833E-08,2.51429E-08,0.00000001,1.68333E-08,1.725E-08,3.3E-09,0.000000025,5.4475E-08,2.99719E-08,3.08986E-08,4.07795E-08,4.50404E-08,1.98125E-08,3.45328E-08,3.9899E-08,1.97957E-08,3.97833E-08,2.45268E-08,0.000000025,6.63676E-08,7.07741E-08,5.27607E-08,2.05667E-08,7.5E-09,0.000000003,1.47E-08,2.58E-08,8.325E-09,1.60042E-08,2.13333E-08,2.74672E-07,2.835E-07,3.20605E-07,1.04354E-08,1.7089E-08,1.38143E-08,0.000000004,4.73815E-08,5.95641E-08,1.47617E-07,1.45098E-07,3.09524E-08,4.07522E-08,2.73892E-08,4.18596E-08,4.325E-09,4.8E-09,3.79556E-08,2.05389E-08,3.68987E-08,3.11659E-08,0.000000017,0.000000029,1.22392E-07,1.17E-08,1.51938E-08,1.82723E-07
