Date,State,Town,Longitude,Latitude,Sighting,Month
1/1/2017,TX,Spring,-95.5,30,30,1
1/3/2017,FL,Cocoa,-80.8,28.5,1,1
1/5/2017,FL,Clearwater,-82.8,28,26,1
1/6/2017,FL,Clearwater,-82.8,28,1,1
1/10/2017,GUA,El Ranchito,-100.8,20,5,1
1/12/2017,FL,Clearwater,-82.8,28,4,1
1/31/2017,FL,Wesley Chapel,-82.3,28.3,3,1
2/1/2017,FL,Clearwater,-82.8,28,5,2
2/1/2017,TX,Cypress,-95.7,30,3,2
2/3/2017,FL,Clearwater,-82.8,28,11,2
2/3/2017,FL,Miramar,-80.4,26,100,2
2/8/2017,FL,Fernandina Beach,-81.5,30.7,5,2
2/13/2017,GUA,SolÃ­s,-100.7,20,9,2
3/6/2017,GUA,El Ranchito,-100.8,20,4,3
3/8/2017,FL,Boynton Beach,-80.1,26.6,2,3
3/18/2017,CA,Lakeside,-116.9,32.8,1,3
3/21/2017,FL,Daytona Beach,-81,29.2,1,3
3/21/2017,TX,Katy,-95.8,29.8,2,3
3/22/2017,TX,Montgomery,-95.8,30.4,89,3
3/22/2017,TX,Montgomery,-95.8,30.4,1,3
3/22/2017,FL,Oldsmar,-82.7,28,1,3
3/24/2017,FL,Palm Beach Gardens,-80.1,26.8,20,3
3/25/2017,LA,Baton Rouge,-91.1,30.4,66,3
3/26/2017,TX,Driftwood,-98,30.1,1,3
3/26/2017,TX,Montgomery,-95.8,30.4,110,3
3/26/2017,TX,Vernon,-99.3,34.2,16,3
3/27/2017,TX,Montgomery,-95.8,30.4,26,3
3/27/2017,TX,Vernon,-99.3,34.2,56,3
3/29/2017,FL,Ormond Beach,-81.1,29.3,1,3
3/29/2017,TX,Wimberley,-98.2,30,16,3
4/1/2017,TX,Montgomery,-95.8,30.4,233,4
4/1/2017,FL,Orlando,-81.3,28.6,4,4
4/2/2017,TX,Houston,-95.6,30,51,4
4/2/2017,OK,Broken Arrow,-95.8,36,8,4
4/2/2017,TX,Houston,-95.6,30,51,4
4/3/2017,OK,Broken Arrow,-95.8,36,93,4
4/3/2017,CA,Glendora,-117.9,34.1,1,4
4/4/2017,TX,College Station,-96.3,30.6,1,4
4/4/2017,AR,Fayetteville,-94.2,36,1,4
4/4/2017,OK,Broken Arrow,-95.8,36,10,4
4/4/2017,OK,Duncan,-98,34.5,11,4
4/4/2017,TX,Waxahachie,-96.8,32.4,12,4
4/5/2017,TX,Boerne,-98.7,29.8,3,4
4/5/2017,OK,Broken Arrow,-95.8,36,25,4
4/5/2017,OK,Haskell,-95.7,35.8,1,4
4/6/2017,OK,Broken Arrow,-95.8,36,23,4
4/6/2017,OK,Haskell,-95.7,35.8,1,4
4/6/2017,OK,Broken Arrow,-95.8,36,43,4
4/7/2017,AR,Texarkana,-94,33.5,1,4
4/7/2017,OK,Broken Arrow,-95.8,36,42,4
4/7/2017,OK,Haskell,-95.7,35.8,4,4
4/8/2017,FL,Clearwater,-82.8,28,204,4
4/8/2017,FL,Clearwater,-82.8,28,76,4
4/8/2017,OK,Tulsa,-96,36.2,10,4
4/8/2017,OK,Haskell,-95.7,35.8,2,4
4/8/2017,OK,Broken Arrow,-95.8,36,12,4
4/8/2017,TX,Gainesville,-97.1,33.6,100,4
4/8/2017,OK,Broken Arrow,-95.8,36,71,4
4/8/2017,TX,Brownwood,-99,31.8,1,4
4/8/2017,TX,Cherokee,-98.7,31,3,4
4/9/2017,OK,Duncan,-98,34.5,8,4
4/9/2017,TX,Granbury,-97.8,32.5,39,4
4/9/2017,TX,Spring,-95.4,30.1,6,4
4/9/2017,OK,Edmond,-97.5,35.7,10,4
4/10/2017,TX,Rockwall,-96.5,32.9,5,4
4/10/2017,MO,Springfield,-93.3,37.2,1,4
4/10/2017,TX,Katy,-95.7,29.8,1,4
4/10/2017,OK,Norman,-97.5,35.2,2,4
4/10/2017,OK,Bartlesville,-95.9,36.7,1,4
4/10/2017,OK,Broken Arrow,-95.8,36,28,4
4/10/2017,OK,Tulsa,-95.9,36.1,1,4
4/10/2017,TX,Montgomery,-95.8,30.4,92,4
4/10/2017,TX,Dublin,-98.4,32,1,4
4/11/2017,FL,Saint Petersburg,-82.6,27.8,33,4
4/11/2017,OK,Bartlesville,-95.9,36.7,3,4
4/11/2017,NM,San Antonio,-106.9,33.8,2,4
4/11/2017,TX,Houston,-95.4,29.8,3,4
4/11/2017,OK,Tulsa,-96,36.2,2,4
4/11/2017,TN,Maryville,-84,35.7,35,4
4/11/2017,OK,Broken Arrow,-95.8,36,12,4
4/12/2017,AR,Little Rock,-92.3,34.6,16,4
4/12/2017,OK,Edmond,-97.5,35.7,1,4
4/12/2017,MO,St Charles,-90.6,38.7,1,4
4/12/2017,OK,Broken Arrow,-95.8,36,8,4
4/13/2017,KS,Shawnee,-94.8,39,27,4
4/13/2017,TX,Houston,-95.6,30,37,4
4/13/2017,MO,Kirkwood,-90.4,38.6,26,4
4/13/2017,OK,Broken Arrow,-95.8,36,15,4
4/13/2017,CA,Hawthorne,-118.4,33.9,6,4
4/13/2017,MO,saint Louis,-90.3,38.6,1,4
4/13/2017,TX,Dallas,-96.7,32.9,4,4
4/14/2017,OK,Enid,-97.9,36.4,10,4
4/14/2017,MO,Saint Joseph,-94.8,39.8,130,4
4/14/2017,NC,Gerton,-82.3,35.5,44,4
4/14/2017,OK,Broken Arrow,-95.8,36,26,4
4/14/2017,OK,Tulsa,-96,36.2,3,4
4/14/2017,MO,Kirkwood,-90.4,38.6,50,4
4/14/2017,MO,Parkville,-94.7,39.2,50,4
4/15/2017,IL,Urbana,-88.2,40.1,20,4
4/15/2017,OK,Edmond,-97.6,35.7,1,4
4/15/2017,OK,Edmond,-97.5,35.7,1,4
4/15/2017,MO,St. Louis,-90.4,38.6,100,4
4/15/2017,TX,Hye,-98.6,30.2,4,4
4/15/2017,FL,Wesley Chapel,-82.3,28.3,35,4
4/15/2017,KY,erlanger,-84.6,39,1,4
4/16/2017,TN,Nashville,-86.8,36.1,7,4
4/16/2017,TN,Morristown,-83.3,36.2,20,4
4/16/2017,TN,Joelton,-86.9,36.3,1,4
4/16/2017,TX,Cherokee,-98.7,31,1,4
4/17/2017,TN,Morristown,-83.3,36.2,63,4
4/17/2017,NC,Hendersonville,-82.4,35.4,192,4
4/17/2017,IL,Champaign,-88.3,40.1,40,4
4/17/2017,FL,Green Cove Springs,-81.8,30,1,4
4/18/2017,MO,Kirkwood,-90.4,38.6,8,4
4/18/2017,OK,Oklahoma City,-97.4,35.6,1,4
4/18/2017,KS,Claflin,-98.6,38.4,8,4
4/18/2017,MO,Columbia,-92.3,39,25,4
4/18/2017,KS,Mulvane,-97.2,37.5,80,4
4/19/2017,FL,Saint Petersburg,-82.6,27.8,3,4
4/19/2017,AL,Huntsville,-86.5,34.9,20,4
4/19/2017,IN,New Castle,-85.4,39.9,19,4
4/19/2017,GA,Brunswick,-81.5,31.2,1,4
4/19/2017,MO,Columbia,-92.3,39,15,4
4/20/2017,FL,Saint Petersburg,-82.6,27.8,1,4
4/20/2017,IL,Carlyle,-89.3,38.6,3,4
4/20/2017,OK,Broken Arrow,-95.8,36,2,4
4/20/2017,NC,Barco,-76,36.4,20,4
4/21/2017,FL,Ormond Beach,-81.1,29.3,1,4
4/21/2017,TN,Townsend,-83.8,35.6,4,4
4/23/2017,TX,Spring,-95.4,30.1,1,4
4/23/2017,KS,Great Bend,-98.8,38.4,36,4
4/23/2017,KS,Lawrence,-95.2,39,1,4
4/23/2017,IL,Clear Lake,-89.6,39.8,100,4
4/23/2017,NE,Grand Island,-98.4,40.9,27,4
4/24/2017,OK,Broken Arrow,-95.8,36,6,4
4/24/2017,MO,Springfield,-93.3,37.1,10,4
4/24/2017,OH,Columbus,-83,39.9,9,4
4/24/2017,MO,Warrensburg,-93.8,38.7,50,4
4/25/2017,TX,Spring,-95.4,30.1,1,4
4/26/2017,FL,Miramar,-80.4,26,15,4
4/26/2017,NE,Grand Island,-98.4,40.9,16,4
4/26/2017,GA,Saint Simons Island,-81.4,31.2,26,4
4/27/2017,TX,Houston,-95.6,30,5,4
4/27/2017,TX,Rockwall,-96.5,32.9,1,4
4/28/2017,FL,Jacksonville,-81.7,30.3,1,4
4/29/2017,CA,North San Juan,-121.2,39.3,5,4
4/30/2017,NC,Asheville,-82.5,35.5,1,4
4/30/2017,KS,Claflin,-98.6,38.4,2,4
5/1/2017,KS,Claflin,-98.6,38.4,5,5
5/3/2017,KY,Goshen,-85.5,38.4,2,5
5/3/2017,NC,Apex,-78.9,35.7,5,5
5/3/2017,FL,Daytona Beach,-81,29.2,12,5
5/3/2017,NC,Asheville,-82.5,35.5,2,5
5/3/2017,IN,McCordsville,-85.9,39.9,16,5
5/5/2017,TX,Houston,-95.6,30,14,5
5/6/2017,IA,Muscatine,-91,41.4,1,5
5/6/2017,NM,Belen,-106.7,34.7,1,5
5/6/2017,NC,Gerton,-82.3,35.5,51,5
5/7/2017,NC,Biltmore Forest,-82.5,35.5,2,5
5/7/2017,TX,Spring,-95.4,30.1,7,5
5/9/2017,NE,Bellevue,-96,41.1,9,5
5/10/2017,IN,Huntington,-85.5,40.9,2,5
5/10/2017,OK,Broken Arrow,-95.8,36,12,5
5/10/2017,SC,Bluffton,-81,32.3,5,5
5/10/2017,TX,Atlanta,-94.2,33.1,10,5
5/10/2017,AR,Fayetteville,-94.1,36.1,4,5
5/11/2017,FL,Daytona Beach,-81,29.2,3,5
5/11/2017,NC,Fletcher,-82.5,35.4,4,5
5/12/2017,NC,Asheville,-82.5,35.5,1,5
5/13/2017,IA,Muscatine,-91,41.4,1,5
5/13/2017,FL,Daytona Beach,-81,29.2,3,5
5/13/2017,OK,Broken Arrow,-95.8,36,39,5
5/15/2017,NC,Fairview,-82.4,35.5,13,5
5/15/2017,GA,Plains,-84.4,32.1,1,5
5/17/2017,NC,Fairview,-82.4,35.5,1,5
5/18/2017,IL,Champaign,-88.3,40.1,3,5
5/18/2017,OK,Broken Arrow,-95.8,36,1,5
5/20/2017,IN,Plainfield,-86.4,39.7,1,5
5/20/2017,AR,Gillett,-91.4,34.1,1,5
5/21/2017,IN,Plainfield,-86.4,39.7,1,5
5/21/2017,ON,Pelee Island,-82.6,41.8,20,5
5/22/2017,GA,Saint Simons Island,-81.3,31.3,15,5
5/22/2017,AR,Gillett,-91.4,34.1,1,5
5/24/2017,MI,Battle Creek,-85.3,42.3,5,5
5/24/2017,IL,Peoria,-89.6,40.8,1,5
5/24/2017,KS,Perry,-95.4,39.1,2,5
5/24/2017,FL,Gulf Breeze,-87.2,30.4,30,5
5/24/2017,ON,Toronto,-79.4,43.7,38,5
5/25/2017,IL,aurora,-88.2,41.7,1,5
5/25/2017,MN,Lindstrom,-92.8,45.4,3,5
5/26/2017,MN,Lindstrom,-92.8,45.4,7,5
5/26/2017,MN,Minneapolis,-93.3,44.9,1,5
5/26/2017,VA,Annandale,-77.2,38.8,1,5
5/27/2017,MN,New Brighton,-93.2,45.1,8,5
5/27/2017,MN,Minneapolis,-93.3,44.9,4,5
5/28/2017,MN,New Brighton,-93.2,45.1,2,5
5/28/2017,WI,Kohler,-87.8,43.7,7,5
5/28/2017,ON,Orillia,-79.4,44.6,5,5
5/28/2017,MN,Elk River,-93.5,45.4,45,5
5/28/2017,MN,Elk River,-93.5,45.4,45,5
5/28/2017,ON,Toronto,-79.4,43.7,7,5
5/29/2017,MN,New Brighton,-93.2,45.1,6,5
5/29/2017,MN,Columbia Heights,-93.2,45,2,5
5/29/2017,IA,Ames,-93.6,42,3,5
5/29/2017,MN,Anoka,-93.4,45.2,18,5
5/29/2017,MN,Anoka,-93.4,45.2,18,5
5/29/2017,TN,Morristown,-83.3,36.2,2,5
5/30/2017,MN,New Brighton,-93.2,45.1,2,5
5/30/2017,IL,Lake Villa,-88,42.4,1,5
5/30/2017,IL,Peoria,-89.6,40.7,6,5
5/30/2017,IL,Lake Villa,-88,42.4,5,5
5/30/2017,IL,Peoria,-89.6,40.8,2,5
5/30/2017,MN,Elk River,-93.5,45.4,32,5
5/30/2017,ON,wheatley,-82.5,42.2,5,5
5/30/2017,MS,Vicksburg,-90.9,32.4,3,5
5/30/2017,FL,Bradenton,-82.4,27.5,15,5
5/31/2017,MN,New Brighton,-93.2,45.1,3,5
5/31/2017,OH,Delaware,-83.1,40.2,2,5
5/31/2017,NE,Rising City,-97.3,41.2,4,5
5/31/2017,IL,Lansing,-87.5,41.6,3,5
5/31/2017,IL,Peoria,-89.6,40.8,7,5
5/31/2017,IA,Ames,-93.6,42,8,5
5/31/2017,MN,Coon Rapids,-93.4,45.2,3,5
5/31/2017,MN,Roseville,-93.1,45,1,5
5/31/2017,KS,Perry,-95.4,39.1,20,5
5/31/2017,MN,Coon Rapids,-93.4,45.2,3,5
5/31/2017,ON,London,-81.2,43,12,5
5/31/2017,MN,Savage,-93.4,44.8,1,5
6/1/2017,PA,Pittsburgh,-80,40.4,1,6
6/1/2017,MS,Brandon,-90,32.3,93,6
6/1/2017,ON,Milton,-80,43.5,11,6
6/1/2017,IL,Peoria,-89.6,40.8,21,6
6/1/2017,ON,London,-81.2,43,6,6
6/1/2017,MI,Charter Township of Clinton,-82.9,42.6,2,6
6/1/2017,OH,Wapakoneta,-84.3,40.7,9,6
6/1/2017,KS,Perry,-95.4,39.1,12,6
6/2/2017,MN,New Brighton,-93.2,45.1,2,6
6/2/2017,MN,Minneapolis,-93.2,45,1,6
6/2/2017,WI,Hartford,-88.4,43.3,23,6
6/2/2017,MI,Battle Creek,-85.3,42.3,2,6
6/2/2017,ON,Leamington,-82.5,42.2,5,6
6/2/2017,ON,Leamington,-82.5,42,5,6
6/2/2017,ON,Nipissing,-79.5,46.2,8,6
6/2/2017,ON,London,-81.2,43,33,6
6/2/2017,PA,Butler,-79.9,40.8,13,6
6/2/2017,WI,Amery,-92.4,45.3,18,6
6/3/2017,IL,Peoria,-89.6,40.8,7,6
6/3/2017,IA,Ames,-93.6,42,8,6
6/3/2017,MN,Elk River,-93.5,45.4,25,6
6/3/2017,ON,London,-81.2,43,5,6
6/3/2017,IN,McCordsville,-85.9,39.9,3,6
6/3/2017,WI,Superior,-92.3,46.7,1,6
6/3/2017,MD,Havre de Grace,-76.2,39.6,2,6
6/3/2017,TX,Pollok,-94.9,31.4,2,6
6/3/2017,WI,Amery,-92.4,45.3,12,6
6/4/2017,IN,Newburgh,-87.4,37.9,1,6
6/4/2017,MN,New Brighton,-93.2,45.1,3,6
6/4/2017,MN,New Brighton,-93.2,45.1,1,6
6/4/2017,ON,London,-81.2,43,5,6
6/4/2017,IN,McCordsville,-85.9,39.9,1,6
6/4/2017,ON,wheatley,-82.5,42.2,5,6
6/4/2017,MN,Elk River,-93.4,45.4,30,6
6/4/2017,MN,Elk River,-93.4,45.4,30,6
6/4/2017,MD,Lutherville-Timonium,-76.6,39.5,2,6
6/4/2017,IA,Ames,-93.6,42,1,6
6/4/2017,TN,Morristown,-83.3,36.2,3,6
6/4/2017,OH,Saint Clairsville,-80.9,40.1,1,6
6/5/2017,MN,Saint Anthony,-93.2,45,2,6
6/5/2017,MI,Battle Creek,-85.3,42.3,1,6
6/5/2017,IL,Peoria,-89.6,40.8,6,6
6/5/2017,WI,Milwaukee,-87.9,43,14,6
6/5/2017,IA,Altoona,-93.5,41.6,2,6
6/6/2017,OH,Orrville,-81.8,40.8,3,6
6/6/2017,MI,Temperance,-83.6,41.8,14,6
6/6/2017,MD,Arnold,-76.5,39,8,6
6/6/2017,MN,Saint Paul,-93.2,44.9,2,6
6/6/2017,MN,Duluth,-92.1,46.8,25,6
6/6/2017,OH,Powell,-83.1,40.2,2,6
6/6/2017,IL,Wilmette,-87.7,42.1,2,6
6/6/2017,IA,Altoona,-93.5,41.7,10,6
6/6/2017,AR,North Little Rock,-92.2,34.8,25,6
6/7/2017,WI,Amery,-92.4,45.3,2,6
6/7/2017,MN,Duluth,-92.1,46.8,50,6
6/7/2017,VA,Leesburg,-77.6,39,3,6
6/7/2017,TX,Houston,-95.6,30,4,6
6/7/2017,IL,Peoria,-89.6,40.8,1,6
6/7/2017,WI,Milwaukee,-87.9,43,13,6
6/7/2017,IL,Wilmette,-87.7,42.1,8,6
6/7/2017,ON,London,-81.2,43,12,6
6/7/2017,MI,Grosse Pointe,-82.9,42.4,6,6
6/8/2017,MN,Saint Paul,-93.1,44.9,3,6
6/8/2017,WI,Allenton,-88.4,43.4,7,6
6/9/2017,IN,Newburgh,-87.4,37.9,2,6
6/9/2017,WI,Boulder Junction,-89.6,46.1,7,6
6/9/2017,MN,Minnetonka,-93.5,44.9,3,6
6/9/2017,ON,London,-81.2,43,12,6
6/10/2017,WI,Fish Creek,-87.2,45.1,17,6
6/10/2017,WI,Milwaukee,-87.9,43,10,6
6/10/2017,ME,Harpswell,-70,43.8,3,6
6/10/2017,ON,London,-81.2,43,2,6
6/10/2017,IA,Ames,-93.6,42,3,6
6/10/2017,MB,Vita,-96.6,49.1,4,6
6/10/2017,VA,Newport News,-76.5,37.1,1,6
6/10/2017,ON,Newmarket,-79.5,44.1,12,6
6/11/2017,IL,Evanston,-87.7,42,14,6
6/11/2017,ON,Newmarket,-79.5,44.1,22,6
6/11/2017,ON,,-79.4,46.2,45,6
6/11/2017,ON,,-79.5,46.2,27,6
6/11/2017,ON,,-79.5,46.3,43,6
6/11/2017,ME,Harpswell,-70,43.8,8,6
6/11/2017,IN,McCordsville,-85.9,39.9,59,6
6/11/2017,ON,Newmarket,-79.5,44.1,22,6
6/12/2017,NH,Langdon,-72.3,43.2,1,6
6/12/2017,ON,Longbow Lake,-94.3,49.7,1,6
6/12/2017,MN,Otsego,-93.6,45.3,5,6
6/12/2017,OH,Dayton,-84.1,39.7,12,6
6/12/2017,ON,Nipissing,-79.5,46.2,41,6
6/12/2017,ON,Nipissing,-79.5,46.2,26,6
6/12/2017,ON,Newmarket,-79.5,44.1,5,6
6/13/2017,MB,Winnipeg,-97.1,49.9,5,6
6/13/2017,MN,Mounds View,-93.2,45.1,1,6
6/13/2017,MN,Saint Paul,-93.2,44.9,1,6
6/13/2017,NY,Lynbrook,-73.7,40.7,1,6
6/13/2017,NJ,Long Beach Township,-74.2,39.6,8,6
6/13/2017,ON,Newmarket,-79.5,44.1,2,6
6/14/2017,ON,Mississauga,-79.6,43.5,3,6
6/14/2017,FL,Daytona Beach,-81,29.2,1,6
6/14/2017,MI,Grosse Pointe,-82.9,42.4,16,6
6/14/2017,ON,Cayuga,-79.8,42.9,1,6
6/15/2017,MN,Saint Paul,-93.2,44.9,1,6
6/15/2017,TX,Houston,-95.6,30,28,6
6/15/2017,ON,Nipissing,-79.5,46.1,21,6
6/15/2017,ON,Nipissing,-79.5,46.2,83,6
6/15/2017,FL,Port Richey,-82.7,28.3,10,6
6/15/2017,OR,Williams,-123.3,42.2,8,6
6/15/2017,WI,Waukesha,-88.3,43,2,6
6/15/2017,MD,Huntingtown,-76.7,38.6,2,6
6/16/2017,IL,Peoria,-89.6,40.8,3,6
6/16/2017,OR,Williams,-123.3,42.2,8,6
6/16/2017,NJ,Long Beach Township,-74.1,39.7,2,6
6/16/2017,MN,Saint Paul,-93.2,44.9,2,6
6/16/2017,MN,Eden Prairie,-93.5,44.9,1,6
6/16/2017,NE,Comstock,-99.3,41.5,1,6
6/16/2017,ON,Toronto,-79.2,43.8,2,6
6/17/2017,ON,New Tecumseth,-79.7,44,1,6
6/17/2017,MN,Minneapolis,-93.2,45,6,6
6/17/2017,IL,Evanston,-87.7,42.1,15,6
6/17/2017,KS,Perry,-95.4,39.1,14,6
6/18/2017,MN,Arden Hills,-93.2,45,1,6
6/18/2017,WI,Waukesha,-88.3,43,1,6
6/18/2017,ON,Toronto,-79.5,43.6,3,6
6/18/2017,MN,Minneapolis,-93.3,44.9,2,6
6/20/2017,WI,Ironwood,-90.2,46.5,2,6
6/20/2017,NC,Arden,-82.6,35.5,15,6
6/20/2017,ON,Toronto,-79.2,43.8,2,6
6/21/2017,IL,Batavia,-88.3,41.8,3,6
6/22/2017,IA,Windsor Heights,-93.7,41.6,7,6
6/23/2017,NJ,Stafford Township,-74.3,39.7,5,6
6/23/2017,ON,Temagami,-79.8,46.7,4,6
6/23/2017,MN,Saint Paul,-93.1,44.9,2,6
6/23/2017,IL,Peoria,-89.6,40.8,1,6
6/23/2017,MA,Framingham,-71.4,42.3,1,6
6/23/2017,PA,Emmaus,-75.5,40.5,3,6
6/23/2017,TX,Houston,-95.5,30,1,6
6/24/2017,MN,New Brighton,-93.2,45.1,1,6
6/24/2017,IL,Peoria,-89.6,40.8,1,6
6/24/2017,ON,Chatham-Kent,-82.2,42.4,1,6
6/24/2017,MA,Natick,-71.3,42.3,4,6
6/24/2017,NY,Walworth,-77.3,43.1,6,6
6/24/2017,ON,LaSalle,-83.1,42.2,27,6
6/24/2017,ON,Windsor,-83.1,42.2,27,6
6/25/2017,IA,Davenport,-90.6,41.5,1,6
6/25/2017,WI,Green Bay,-88,44.5,1,6
6/25/2017,WI,Allenton,-88.4,43.4,1,6
6/25/2017,CO,Thornton,-105,39.9,4,6
6/26/2017,ON,Sudbury,-81,46.4,20,6
6/27/2017,OK,Broken Arrow,-95.7,36.1,6,6
6/27/2017,OK,Broken Arrow,-95.7,36.1,8,6
6/28/2017,MN,Minneapolis,-93.2,45,1,6
6/28/2017,ON,Chatham-Kent,-82.2,42.4,1,6
6/29/2017,MN,Minneapolis,-93.2,45,1,6
6/29/2017,IL,Franklin Park,-87.9,41.9,6,6
6/29/2017,IL,Peoria,-89.6,40.8,1,6
6/29/2017,ON,Halton Hills,-79.9,43.7,1,6
6/29/2017,CO,Thornton,-105,39.9,5,6
6/29/2017,MO,St. Louis,-90.2,38.6,1,6
6/30/2017,OR,Elkton,-123.6,43.6,10,6
6/30/2017,NH,Langdon,-72.3,43.2,1,6
6/30/2017,IL,Peoria,-89.6,40.8,1,6
6/30/2017,WI,Eau Claire,-91.5,44.8,25,6
6/30/2017,IA,Ames,-93.6,42,2,6
6/30/2017,IA,Coralville,-91.6,41.7,5,6
6/30/2017,OH,Medina,-81.8,41.1,34,6
7/1/2017,PA,Frazer,-79.8,40.6,2,7
7/1/2017,ME,Harpswell,-70,43.8,4,7
7/1/2017,ON,Point Edward,-82.4,43,1,7
7/2/2017,IA,Ames,-93.6,42,2,7
7/2/2017,IL,Peoria,-89.6,40.8,3,7
7/2/2017,IN,McCordsville,-85.9,39.9,4,7
7/3/2017,MD,Havre de Grace,-76.1,39.5,15,7
7/3/2017,MN,Minneapolis,-93.2,45,4,7
7/3/2017,WI,Allenton,-88.4,43.4,2,7
7/3/2017,VA,Alexandria,-77.1,38.7,12,7
7/4/2017,MN,Minneapolis,-93.2,45,1,7
7/4/2017,VT,Norwich,-72.4,43.7,2,7
7/4/2017,IL,Evanston,-87.7,42,4,7
7/4/2017,IA,Ames,-93.6,42,15,7
7/4/2017,OH,Toledo,-83.6,41.7,14,7
7/4/2017,ON,Chatham-Kent,-82.2,42.4,17,7
7/4/2017,NY,Westbury,-73.6,40.7,5,7
7/4/2017,ON,Newmarket,-79.5,44.1,14,7
7/5/2017,ON,Muskoka Lakes,-79.7,45.1,1,7
7/5/2017,MN,Arden Hills,-93.2,45,2,7
7/5/2017,IL,Evanston,-87.7,42,1,7
7/5/2017,IL,Franklin Park,-87.9,41.9,2,7
7/5/2017,TX,Houston,-95.6,30,32,7
7/5/2017,ON,Chatham-Kent,-82.2,42.4,4,7
7/5/2017,MB,Winnipeg,-97.2,49.8,2,7
7/5/2017,MN,Saint Paul,-93.2,44.9,3,7
7/6/2017,MN,Arden Hills,-93.2,45,2,7
7/6/2017,IL,Evanston,-87.7,42,1,7
7/6/2017,IL,Peoria,-89.6,40.8,9,7
7/6/2017,ON,Chatham-Kent,-82.2,42.4,1,7
7/6/2017,ON,Leamington,-82.5,42,6,7
7/6/2017,ON,Leamington,-82.5,42,4,7
7/6/2017,MN,Saint Paul,-93.2,44.9,4,7
7/6/2017,NE,Grand Island,-98.4,40.9,3,7
7/6/2017,PA,Newtown,-75,40.3,3,7
7/7/2017,MN,Arden Hills,-93.2,45,2,7
7/7/2017,MN,Minneapolis,-93.2,45,1,7
7/7/2017,MI,Riley,-82.8,42.9,7,7
7/7/2017,WI,Cross Plains,-89.7,43.1,1,7
7/7/2017,WI,Milwaukee,-88,43,12,7
7/7/2017,IL,Peoria,-89.6,40.8,4,7
7/7/2017,IL,Evanston,-87.7,42,20,7
7/7/2017,MN,Rochester,-92.5,44,4,7
7/7/2017,VT,Norwich,-72.4,43.7,2,7
7/7/2017,NJ,Westampton,-74.8,40,20,7
7/8/2017,MD,Crofton,-76.7,39,8,7
7/8/2017,IL,Evanston,-87.7,42,13,7
7/8/2017,IL,Flat Rock,-87.7,38.9,1,7
7/8/2017,ON,Chatham-Kent,-82.2,42.4,4,7
7/8/2017,MN,Arden Hills,-93.2,45,3,7
7/8/2017,OK,Haskell,-95.7,35.8,7,7
7/8/2017,ON,Leamington,-82.5,42,52,7
7/9/2017,MD,Crofton,-76.7,39,1,7
7/9/2017,OK,Haskell,-95.7,35.8,23,7
7/9/2017,MN,Arden Hills,-93.2,45,3,7
7/9/2017,NY,Oneida,-75.7,43.1,1,7
7/9/2017,IL,Evanston,-87.7,42,4,7
7/9/2017,MD,Crofton,-76.7,39,2,7
7/9/2017,ON,Chatham-Kent,-82.2,42.4,2,7
7/9/2017,VT,Norwich,-72.4,43.7,4,7
7/9/2017,IA,Ames,-93.6,42,3,7
7/9/2017,TX,Houston,-95.5,30,7,7
7/9/2017,IL,Oak Park,-87.8,41.9,1,7
7/9/2017,CT,Clinton,-72.5,41.3,1,7
7/10/2017,MN,Minneapolis,-93.3,44.9,1,7
7/10/2017,MN,Minneapolis,-93.2,45,1,7
7/10/2017,MN,Minneapolis,-93.2,45,3,7
7/10/2017,MN,Saint Paul,-93.2,44.9,2,7
7/10/2017,IL,Evanston,-87.7,42,4,7
7/10/2017,KS,Perry,-95.4,39.1,6,7
7/11/2017,MN,Arden Hills,-93.2,45,3,7
7/11/2017,MN,New Brighton,-93.2,45.1,1,7
7/11/2017,ON,Leamington,-82.5,42,6,7
7/11/2017,MN,Saint Paul,-93.1,44.9,2,7
7/11/2017,IL,Evanston,-87.7,42,12,7
7/11/2017,MD,Churchville,-76.2,39.6,4,7
7/11/2017,ON,Chatham-Kent,-82.2,42.4,4,7
7/11/2017,IA,Sioux City,-96.4,42.5,2,7
7/11/2017,NY,East Meadow,-73.6,40.7,5,7
7/11/2017,IA,Ames,-93.6,42,1,7
7/11/2017,IA,Ames,-93.6,42,1,7
7/11/2017,TX,Houston,-95.5,30,7,7
7/11/2017,PA,Perkasie,-75.3,40.4,10,7
7/11/2017,MN,Saint Paul,-93.2,44.9,11,7
7/11/2017,IL,Bolingbrook,-88.1,41.7,6,7
7/12/2017,FL,Daytona Beach,-81,29.2,1,7
7/12/2017,MN,Minneapolis,-93.2,45,3,7
7/12/2017,MN,Saint Paul,-93.2,44.9,1,7
7/12/2017,WI,Green Bay,-88,44.5,25,7
7/12/2017,IL,Peoria,-89.6,40.8,9,7
7/12/2017,ON,Chatham-Kent,-82.2,42.4,5,7
7/12/2017,OH,Fremont,-83.1,41.4,20,7
7/12/2017,NY,East Meadow,-73.6,40.7,6,7
7/12/2017,IN,Auburn,-85,41.4,6,7
7/12/2017,PA,Newtown,-75,40.3,21,7
7/12/2017,IL,Crystal Lake,-88.3,42.2,9,7
7/12/2017,WI,Allenton,-88.4,43.4,3,7
7/12/2017,WI,West Bend,-88.2,43.4,1,7
7/12/2017,VA,Upperville,-77.9,39,1,7
7/12/2017,ON,Newmarket,-79.5,44.1,6,7
7/12/2017,MT,Emigrant,-110.7,45.4,53,7
7/13/2017,MN,Blaine,-93.2,45.1,1,7
7/13/2017,MD,Annapolis,-76.6,39,2,7
7/13/2017,PA,Lancaster,-76.3,40,1,7
7/13/2017,IL,Evanston,-87.7,42,19,7
7/13/2017,NY,Syracuse,-76.3,43.1,2,7
7/13/2017,ON,Leamington,-82.5,42,12,7
7/13/2017,MN,Saint Paul,-93.1,44.9,2,7
7/13/2017,ON,Chatham-Kent,-82.2,42.4,2,7
7/13/2017,NJ,Randolph,-74.6,40.8,2,7
7/13/2017,IA,Ames,-93.6,42,8,7
7/13/2017,NJ,Leonia,-74,40.9,2,7
7/13/2017,WI,Franklin,-88,42.9,7,7
7/13/2017,IL,Crystal Lake,-88.3,42.2,5,7
7/13/2017,MN,Chanhassen,-93.5,44.8,18,7
7/13/2017,TX,Houston,-95.5,30,4,7
7/14/2017,MN,Lonsdale,-93.4,44.5,4,7
7/14/2017,MI,Battle Creek,-85.3,42.3,19,7
7/14/2017,IL,Evanston,-87.7,42,2,7
7/14/2017,ON,Chatham-Kent,-82.2,42.4,4,7
7/14/2017,WI,Milwaukee,-88,43,24,7
7/14/2017,OH,Canal Fulton,-81.6,40.9,3,7
7/14/2017,OH,Toledo,-83.7,41.6,14,7
7/14/2017,NY,Morrisonville,-73.6,44.6,2,7
7/14/2017,MT,Emigrant,-110.7,45.4,57,7
7/15/2017,DE,Newark,-75.7,39.7,1,7
7/15/2017,DE,Newark,-75.8,39.7,1,7
7/15/2017,NY,East Meadow,-73.6,40.7,33,7
7/15/2017,ON,Leamington,-82.5,42,16,7
7/15/2017,ON,Leamington,-82.5,42,2,7
7/15/2017,ON,Leamington,-82.5,42,2,7
7/15/2017,WI,Allenton,-88.4,43.4,9,7
7/15/2017,MN,Saint Paul,-93.1,44.9,1,7
7/15/2017,IL,Evanston,-87.7,42,23,7
7/15/2017,ON,Chatham-Kent,-82.2,42.4,25,7
7/15/2017,NY,Melrose,-73.6,42.8,4,7
7/15/2017,NY,East Meadow,-73.6,40.7,10,7
7/15/2017,UT,South Jordan,-111.9,40.6,6,7
7/15/2017,MI,Riley Twp,-82.8,42.9,3,7
7/15/2017,NJ,Mendham,-74.6,40.8,22,7
7/15/2017,ME,Harpswell,-70,43.8,12,7
7/15/2017,IL,Franklin Park,-87.9,41.9,4,7
7/15/2017,MA,Quincy,-71,42.3,4,7
7/15/2017,OH,Toledo,-83.7,41.6,7,7
7/15/2017,IN,McCordsville,-85.9,39.9,24,7
7/15/2017,MN,Minneapolis,-93.3,44.8,6,7
7/15/2017,MT,Emigrant,-110.7,45.4,22,7
7/16/2017,IL,Rockford,-89,42.2,19,7
7/16/2017,WI,Wauwatosa,-88,43,12,7
7/16/2017,MN,Arden Hills,-93.2,45,1,7
7/16/2017,MN,Saint Paul,-93.1,44.9,4,7
7/16/2017,ON,Mississauga,-79.6,43.5,5,7
7/16/2017,ON,Chatham-Kent,-82.2,42.4,12,7
7/16/2017,MI,Springfield,-83.5,42.8,10,7
7/16/2017,IL,Metamora,-89.4,40.2,1,7
7/16/2017,PA,Lancaster,-76.3,40,10,7
7/16/2017,PA,Lancaster,-76.4,40.1,10,7
7/16/2017,MN,Elk River,-93.5,45.4,125,7
7/16/2017,NY,Camden,-75.8,43.3,3,7
7/16/2017,IN,Fort Wayne,-85.1,41.1,6,7
7/16/2017,IN,McCordsville,-85.9,39.9,10,7
7/17/2017,IN,Newburgh,-87.4,37.9,2,7
7/17/2017,IA,Sioux City,-96.4,42.5,1,7
7/17/2017,ON,Scarborough,-79.2,43.8,5,7
7/17/2017,IL,Evanston,-87.7,42,1,7
7/17/2017,ON,Chatham-Kent,-82.2,42.4,1,7
7/17/2017,CA,Vista,-117.2,33.2,5,7
7/17/2017,NY,East Meadow,-73.6,40.7,11,7
7/17/2017,MI,Vicksburg,-85.5,42.1,8,7
7/17/2017,IN,Hammond,-87.5,41.6,3,7
7/17/2017,NY,Oneonta,-75.1,42.5,2,7
7/17/2017,PA,Perkasie,-75.3,40.4,15,7
7/17/2017,MN,Saint Paul,-93.2,44.9,1,7
7/17/2017,IN,McCordsville,-85.9,39.9,2,7
7/17/2017,OH,Perrysburg,-83.6,41.6,10,7
7/18/2017,NY,Fayetteville,-76.1,43,2,7
7/18/2017,NY,Fayetteville,-76.1,43,5,7
7/18/2017,VT,Norwich,-72.4,43.7,1,7
7/18/2017,FL,Daytona Beach,-81,29.2,5,7
7/18/2017,NY,Nunda,-77.9,42.6,27,7
7/18/2017,IL,Crystal Lake,-88.3,42.2,2,7
7/18/2017,IL,Rockford,-89,42.2,3,7
7/18/2017,IL,Evanston,-87.7,42,26,7
7/18/2017,WI,Milwaukee,-88,43,3,7
7/18/2017,ON,Chatham-Kent,-82.2,42.4,2,7
7/18/2017,PA,Perkasie,-75.3,40.4,31,7
7/18/2017,OH,Toledo,-83.7,41.6,31,7
7/18/2017,IL,Rockford,-89,42.2,3,7
7/18/2017,ON,Newmarket,-79.5,44.1,5,7
7/19/2017,ON,Mississauga,-79.6,43.5,3,7
7/19/2017,MN,Arden Hills,-93.2,45,8,7
7/19/2017,MD,Middletown,-77.6,39.4,5,7
7/19/2017,MD,Middletown,-77.6,39.4,18,7
7/19/2017,KS,Paxico,-96.2,39.1,2,7
7/19/2017,NY,Fayetteville,-76.1,43,2,7
7/19/2017,NY,Camden,-75.8,43.3,1,7
7/19/2017,NY,Camden,-75.8,43.3,8,7
7/19/2017,NY,Camden,-75.8,43.3,7,7
7/19/2017,IN,Hammond,-87.5,41.6,1,7
7/19/2017,IL,Evanston,-87.7,42,14,7
7/19/2017,ON,Chatham-Kent,-82.2,42.4,5,7
7/19/2017,MI,Midland,-84.2,43.6,3,7
7/19/2017,OH,Toledo,-83.7,41.6,20,7
7/19/2017,CA,Escondido,-117.2,33,7,7
7/19/2017,IN,McCordsville,-85.9,39.9,5,7
7/19/2017,MN,Bloomington,-93.3,44.8,5,7
7/19/2017,PA,Emmaus,-75.5,40.5,7,7
7/19/2017,CT,Clinton,-72.5,41.3,1,7
7/19/2017,ON,Newmarket,-79.5,44.1,15,7
7/20/2017,NY,Camden,-75.8,43.3,3,7
7/20/2017,MN,Hastings,-92.9,44.7,2,7
7/20/2017,ME,Windsor,-69.6,44.3,2,7
7/20/2017,MN,Minneapolis,-93.2,45,4,7
7/20/2017,ON,Chatham-Kent,-82.2,42.4,8,7
7/20/2017,PA,Norristown,-75.4,40.2,1,7
7/20/2017,NJ,Mendham,-74.6,40.8,110,7
7/20/2017,IN,McCordsville,-85.9,39.9,24,7
7/20/2017,ME,Windsor,-69.6,44.3,2,7
7/20/2017,OK,Haskell,-95.7,35.8,12,7
7/20/2017,MN,Saint Paul,-93.2,44.9,1,7
7/20/2017,NY,Endicott,-76,42.1,10,7
7/21/2017,MD,Middletown,-77.6,39.4,3,7
7/21/2017,OH,Toledo,-83.6,41.6,1,7
7/21/2017,IL,Franklin Park,-87.9,41.9,7,7
7/21/2017,NJ,Mendham,-74.6,40.8,24,7
7/21/2017,IL,Evanston,-87.7,42,9,7
7/21/2017,ON,Chatham-Kent,-82.2,42.4,9,7
7/21/2017,NY,Buffalo,-78.8,43,19,7
7/21/2017,DE,Newark,-75.8,39.7,6,7
7/21/2017,IL,Mahomet,-88.4,40.2,2,7
7/21/2017,PA,New Hope,-75,40.4,11,7
7/21/2017,PA,New Hope,-75,40.4,11,7
7/21/2017,MI,,-85.5,43.1,1,7
7/21/2017,ON,Newmarket,-79.5,44.1,34,7
7/22/2017,MN,Minneapolis,-93.2,45,2,7
7/22/2017,ON,Chatham-Kent,-82.2,42.4,2,7
7/22/2017,IL,Evanston,-87.7,42,5,7
7/22/2017,ON,Mississauga,-79.6,43.5,9,7
7/22/2017,WI,Milwaukee,-88,43,8,7
7/22/2017,MA,Framingham,-71.5,42.3,21,7
7/22/2017,ME,Harpswell,-70,43.8,10,7
7/22/2017,MA,Waltham,-71.2,42.4,4,7
7/22/2017,MD,Bishopville,-75.1,38.4,1,7
7/22/2017,ON,Leamington,-82.5,42,37,7
7/22/2017,ON,Waterloo,-80.5,43.5,2,7
7/22/2017,NY,White Plains,-73.8,41,4,7
7/22/2017,NY,White Plains,-73.8,41,13,7
7/22/2017,MI,East Jordan,-85.1,45.2,2,7
7/22/2017,MI,,-85.5,43.1,1,7
7/22/2017,NY,Palmyra,-77.2,43.1,1,7
7/22/2017,ON,Newmarket,-79.5,44.1,17,7
7/23/2017,MN,Laketown,-93.6,44.8,9,7
7/23/2017,MN,Saint Anthony,-93.2,45,1,7
7/23/2017,IN,Newburgh,-87.4,37.9,4,7
7/23/2017,OH,Mansfield,-82.5,40.8,26,7
7/23/2017,MN,Minneapolis,-93.3,44.9,3,7
7/23/2017,IL,Evanston,-87.7,42,1,7
7/23/2017,MN,Bloomington,-93.3,44.8,20,7
7/23/2017,ME,Windsor,-69.6,44.3,38,7
7/23/2017,NJ,Hackensack,-74,40.9,16,7
7/23/2017,NJ,Washington Township,-75.1,39.8,31,7
7/23/2017,ON,Chatham-Kent,-82.2,42.4,5,7
7/23/2017,NY,Jordan,-76.5,43.1,1,7
7/23/2017,KS,Perry,-95.4,39.1,2,7
7/23/2017,MA,Holliston,-71.4,42.2,12,7
7/23/2017,MO,Arnold,-90.4,38.4,20,7
7/23/2017,ON,Newmarket,-79.5,44.1,32,7
7/24/2017,MD,Middletown,-77.6,39.4,4,7
7/24/2017,NJ,Washington Township,-75.1,39.8,55,7
7/24/2017,OK,Broken Arrow,-95.8,36,17,7
7/24/2017,IL,Evanston,-87.7,42,3,7
7/24/2017,ON,Chatham-Kent,-82.2,42.4,2,7
7/24/2017,NY,Fayetteville,-76.1,43,15,7
7/24/2017,IA,Ames,-93.6,42,4,7
7/24/2017,IL,Franklin Park,-87.9,41.9,6,7
7/24/2017,MN,Saint Paul,-93.2,44.9,1,7
7/24/2017,WI,Allenton,-88.4,43.4,1,7
7/24/2017,ON,Brampton,-79.8,43.7,1,7
7/24/2017,ON,Toronto,-79.3,43.6,4,7
7/24/2017,ON,Newmarket,-79.5,44.1,72,7
7/25/2017,MN,Arden Hills,-93.2,45,4,7
7/25/2017,MN,Saint Paul,-93.2,44.9,4,7
7/25/2017,MN,Minneapolis,-93.2,45,1,7
7/25/2017,MN,Moose Lake,-92.8,46.5,9,7
7/25/2017,MN,Saint Paul,-93.2,44.9,2,7
7/25/2017,IA,Ames,-93.6,42,19,7
7/25/2017,ON,Leamington,-82.5,42,38,7
7/25/2017,IL,Evanston,-87.7,42,4,7
7/25/2017,IL,Crystal Lake,-88.3,42.2,5,7
7/25/2017,ON,Chatham-Kent,-82.2,42.4,12,7
7/25/2017,MN,Minneapolis,-93.3,44.8,5,7
7/25/2017,MN,Minneapolis,-93.3,44.9,1,7
7/25/2017,NJ,Washington Township,-75.1,39.8,23,7
7/25/2017,MA,Billerica,-71.3,42.6,3,7
7/25/2017,ON,Newmarket,-79.5,44.1,36,7
7/26/2017,MN,Sturgeon Lake,-92.8,46.4,4,7
7/26/2017,MN,Saint Paul,-93.2,44.9,2,7
7/26/2017,NY,Camden,-75.8,43.3,10,7
7/26/2017,NJ,Washington Township,-75.1,39.8,14,7
7/26/2017,IL,Johnston City,-88.9,37.8,40,7
7/26/2017,IL,Evanston,-87.7,42,5,7
7/26/2017,IA,Ames,-93.6,42,14,7
7/26/2017,ON,Chatham-Kent,-82.2,42.4,10,7
7/26/2017,MD,Middletown,-77.6,39.4,4,7
7/26/2017,IN,McCordsville,-85.9,39.9,13,7
7/26/2017,IL,Franklin Park,-87.9,41.9,9,7
7/26/2017,WI,Allenton,-88.4,43.4,1,7
7/27/2017,VA,Spotsylvania,-77.6,38.2,2,7
7/27/2017,OH,Mansfield,-82.5,40.8,24,7
7/27/2017,MN,Saint Paul,-93.2,44.9,2,7
7/27/2017,ON,Woodstock,-80.8,43.1,1,7
7/27/2017,IL,Franklin Park,-87.9,41.9,13,7
7/27/2017,MN,Minneapolis,-93.3,44.9,5,7
7/27/2017,NJ,Deptford Township,-75.1,39.8,3,7
7/27/2017,IL,Crystal Lake,-88.3,42.2,9,7
7/27/2017,ON,Chatham-Kent,-82.2,42.4,5,7
7/27/2017,WI,Allenton,-88.4,43.4,5,7
7/27/2017,WI,Hartford,-88.4,43.4,5,7
7/27/2017,WI,West Bend,-88.2,43.4,4,7
7/27/2017,MO,Miller,-93.8,37.2,18,7
7/27/2017,MI,Sterling Heights,-83,42.6,1,7
7/27/2017,NM,Regina,-107,36.2,1,7
7/27/2017,ON,Newmarket,-79.5,44.1,28,7
7/28/2017,IN,Fort Wayne,-85.1,41.1,2,7
7/28/2017,MN,Minneapolis,-93.2,45,4,7
7/28/2017,IL,Peoria,-89.6,40.8,70,7
7/28/2017,MN,Minneapolis,-93.3,45,7,7
7/28/2017,MN,Minneapolis,-93.3,44.9,7,7
7/28/2017,IA,Ames,-93.6,42,8,7
7/28/2017,ON,Chatham-Kent,-82.2,42.4,2,7
7/28/2017,OH,Olmsted Falls,-81.9,41.4,64,7
7/28/2017,OK,Haskell,-95.7,35.8,6,7
7/28/2017,NJ,Washington Township,-75.1,39.8,15,7
7/28/2017,CT,Clinton,-72.5,41.3,1,7
7/28/2017,VA,Sterling,-77.4,39,9,7
7/28/2017,ON,Newmarket,-79.5,44.1,6,7
7/29/2017,NY,Oneonta,-75.1,42.5,3,7
7/29/2017,NY,Camden,-75.8,43.3,7,7
7/29/2017,NY,Camden,-75.8,43.3,10,7
7/29/2017,IL,Evanston,-87.7,42,6,7
7/29/2017,IA,Sioux City,-96.4,42.5,3,7
7/29/2017,ON,Leamington,-82.5,42,62,7
7/29/2017,FL,Saint Johns,-81.6,30,1,7
7/29/2017,MO,Kirkwood,-90.4,38.6,10,7
7/29/2017,MN,Houston,-91.6,43.8,1,7
7/29/2017,IL,Crystal Lake,-88.3,42.2,8,7
7/29/2017,NY,Oneida,-75.7,43.1,16,7
7/29/2017,MO,Independence,-94.4,39.1,7,7
7/29/2017,CA,Winchester,-117.1,33.6,1,7
7/29/2017,MT,Livingston,-110.7,45.3,93,7
7/30/2017,NY,Camden,-75.8,43.3,20,7
7/30/2017,IA,Sioux City,-96.4,42.5,4,7
7/30/2017,MD,Crofton,-76.7,39,1,7
7/30/2017,MN,Saint Paul,-93.1,44.9,3,7
7/30/2017,MN,Saint Paul,-93.1,44.9,3,7
7/30/2017,ON,Brampton,-79.8,43.7,20,7
7/30/2017,NY,Springport,-76.7,42.8,13,7
7/30/2017,OH,Mansfield,-82.5,40.8,55,7
7/30/2017,NJ,Washington Township,-75.1,39.8,3,7
7/30/2017,MA,Douglas,-71.7,42,5,7
7/30/2017,GA,Duluth,-84.2,34,18,7
7/30/2017,IA,Ames,-93.6,42,15,7
7/30/2017,ON,Leamington,-82.5,42,10,7
7/30/2017,IL,Peoria,-89.6,40.8,20,7
7/30/2017,TN,South Fulton,-88.9,36.5,22,7
7/30/2017,OK,Haskell,-95.7,35.8,2,7
7/30/2017,IL,Johnston City,-88.9,37.8,3,7
7/30/2017,MD,Middletown,-77.6,39.4,1,7
7/30/2017,IL,Evanston,-87.7,42,9,7
7/30/2017,IL,Oak Park,-87.8,41.9,3,7
7/30/2017,IL,Crystal Lake,-88.3,42.2,14,7
7/30/2017,WI,Allenton,-88.4,43.4,5,7
7/30/2017,ON,South Dundas,-75.2,44.9,11,7
7/30/2017,CO,Thornton,-105,39.9,5,7
7/30/2017,ON,Newmarket,-79.5,44.1,19,7
7/31/2017,PA,Pittsburgh,-80,40.6,10,7
7/31/2017,MD,Arnold,-76.5,39,9,7
7/31/2017,NY,Camden,-75.8,43.3,10,7
7/31/2017,MD,Crofton,-76.7,39,7,7
7/31/2017,MN,Saint Paul,-93.2,44.9,2,7
7/31/2017,IN,West Point,-87,40.3,6,7
7/31/2017,IL,Evanston,-87.7,42,23,7
7/31/2017,IA,Ames,-93.6,42,4,7
7/31/2017,MN,Andover,-93.3,45.2,4,7
7/31/2017,PA,Hamilton,-77.7,39.9,6,7
7/31/2017,MD,Middletown,-77.6,39.4,6,7
7/31/2017,ON,Chatham-Kent,-82.2,42.4,8,7
7/31/2017,IL,Crystal Lake,-88.3,42.2,8,7
7/31/2017,PA,Shippensburg,-77.5,40.1,22,7
7/31/2017,IL,Cortland,-88.7,41.9,14,7
7/31/2017,IN,Hammond,-87.5,41.6,4,7
7/31/2017,IN,Fairbanks,-87.6,39.2,21,7
7/31/2017,MO,Miller,-93.8,37.2,7,7
7/31/2017,MO,Arnold,-90.4,38.4,55,7
7/31/2017,PA,Lansford,-75.9,40.8,11,7
7/31/2017,VA,Sterling,-77.4,39,20,7
8/1/2017,MN,Minneapolis,-93.2,45,3,8
8/1/2017,MN,Rochester,-92.5,44,12,8
8/1/2017,MD,Crofton,-76.7,39,1,8
8/1/2017,PA,Broomall,-75.4,40,9,8
8/1/2017,MA,West Newton,-71.2,42.3,4,8
8/1/2017,MN,Moose Lake,-92.8,46.4,10,8
8/1/2017,IN,Westfield,-86.2,40,5,8
8/1/2017,MA,Somerset,-71.1,41.8,4,8
8/1/2017,IL,Peoria,-89.6,40.8,5,8
8/1/2017,IA,Ames,-93.6,42,36,8
8/1/2017,NC,Hickory,-81.2,35.8,2,8
8/1/2017,IL,Evanston,-87.7,42,15,8
8/1/2017,PA,Hamilton,-77.7,39.9,5,8
8/1/2017,WI,Boulder Junction,-89.6,46.1,2,8
8/1/2017,ON,Chatham-Kent,-82.2,42.4,4,8
8/1/2017,MD,Middletown,-77.6,39.4,6,8
8/1/2017,MD,Arnold,-76.5,39,2,8
8/1/2017,MD,Annapolis,-76.5,39,34,8
8/1/2017,CT,Clinton,-72.5,41.3,3,8
8/1/2017,PA,Langhorne,-74.9,40.2,2,8
8/1/2017,MO,Arnold,-90.4,38.4,25,8
8/1/2017,VA,Alexandria,-77.1,38.7,53,8
8/1/2017,CT,Hebron,-72.4,41.7,1,8
8/1/2017,ME,Bristol,-69.5,43.9,35,8
8/1/2017,TN,Jonesborough,-82.5,36.3,2,8
8/1/2017,ON,Wheatley,-82.5,42.2,4,8
8/1/2017,TX,Houston,-95.6,29.8,100,8
8/1/2017,MN,Maple Grove,-93.4,45.1,3,8
8/1/2017,ON,Newmarket,-79.5,44.1,64,8
8/2/2017,NY,Indian Lake,-74.3,43.8,1,8
8/2/2017,MD,Arnold,-76.5,39,10,8
8/2/2017,NY,,-73.8,40.7,3,8
8/2/2017,MN,Arden Hills,-93.2,45,3,8
8/2/2017,NC,Huntersville,-80.8,35.5,3,8
8/2/2017,NY,Morrisonville,-73.6,44.6,1,8
8/2/2017,MD,Annapolis,-76.5,39,11,8
8/2/2017,NY,Oneida,-75.7,43.1,9,8
8/2/2017,CT,Clinton,-72.5,41.3,4,8
8/2/2017,MD,Crofton,-76.7,39,2,8
8/2/2017,MD,Severna Park,-76.5,39.1,19,8
8/2/2017,MN,Saint Paul,-93.1,44.9,7,8
8/2/2017,IN,Fremont,-84.8,41.7,10,8
8/2/2017,PA,Tarentum,-79.8,40.6,3,8
8/2/2017,OK,Broken Arrow,-95.8,36,22,8
8/2/2017,IL,Evanston,-87.7,42,8,8
8/2/2017,MN,Minneapolis,-93.3,44.8,12,8
8/2/2017,IN,Fairbanks,-87.6,39.2,26,8
8/2/2017,IL,Peoria,-89.6,40.8,62,8
8/2/2017,ON,Chatham-Kent,-82.2,42.4,1,8
8/2/2017,PA,Wyomissing,-76,40.3,50,8
8/2/2017,OH,Cleveland,-81.7,41.5,1,8
8/2/2017,CO,Thornton,-105,39.9,16,8
8/2/2017,ON,Toronto,-79.2,43.8,5,8
8/2/2017,ON,Toronto,-79.2,43.8,5,8
8/2/2017,MD,Port Republic,-76.5,38.5,1,8
8/2/2017,ON,Newmarket,-79.5,44.1,23,8
8/3/2017,MD,Arnold,-76.5,39.1,34,8
8/3/2017,FL,Saint Johns,-81.6,30,1,8
8/3/2017,NY,Indian Lake,-74.3,43.8,4,8
8/3/2017,OK,Haskell,-95.7,35.8,6,8
8/3/2017,IA,Ames,-93.6,42,13,8
8/3/2017,NJ,Washington Township,-75.1,39.8,4,8
8/3/2017,WI,Allenton,-88.4,43.4,1,8
8/3/2017,NY,Erieville,-75.7,42.9,12,8
8/3/2017,MD,Middletown,-77.6,39.4,8,8
8/3/2017,OK,Haskell,-95.7,35.8,11,8
8/3/2017,MO,Arnold,-90.4,38.4,80,8
8/3/2017,PA,Broomall,-75.3,40,6,8
8/3/2017,IL,Crystal Lake,-88.3,42.2,1,8
8/3/2017,IN,Fairbanks,-87.6,39.2,10,8
8/3/2017,ON,Barrie,-79.6,44.4,2,8
8/3/2017,PA,Lehighton,-75.7,40.8,5,8
8/3/2017,ON,Toronto,-79.2,43.8,10,8
8/3/2017,ON,Newmarket,-79.5,44.1,12,8
8/4/2017,NJ,Hackensack,-74,40.9,1,8
8/4/2017,MN,Blaine,-93.2,45.1,1,8
8/4/2017,MN,New Brighton,-93.2,45.1,1,8
8/4/2017,NY,Buffalo,-78.8,43,2,8
8/4/2017,GA,Athens,-83.4,34,20,8
8/4/2017,MD,Arnold,-76.5,39.1,1,8
8/4/2017,MN,Minneapolis,-93.2,45,3,8
8/4/2017,MO,Independence,-94.4,39.1,6,8
8/4/2017,IL,Evanston,-87.7,42,4,8
8/4/2017,PA,Newtown,-75,40.3,41,8
8/4/2017,PA,Newtown,-75,40.3,41,8
8/4/2017,OH,Sylvania,-83.7,41.7,56,8
8/4/2017,MN,Saint Paul,-93.1,44.9,15,8
8/4/2017,IL,Hanna City,-89.8,40.7,4,8
8/4/2017,IL,Peoria,-89.6,40.8,13,8
8/4/2017,ON,Chatham-Kent,-82.2,42.4,2,8
8/4/2017,MD,Clarksville,-76.9,39.2,15,8
8/4/2017,NY,Oneida,-75.7,43.1,10,8
8/4/2017,ME,Bowdoinham,-69.9,44,60,8
8/4/2017,MN,Mankato,-94,44.2,6,8
8/4/2017,ON,Brampton,-79.8,43.7,60,8
8/4/2017,IL,Huntley,-88.4,42.2,11,8
8/4/2017,ON,Newmarket,-79.5,44.1,4,8
8/5/2017,MD,Arnold,-76.5,39.1,1,8
8/5/2017,MN,Blaine,-93.2,45.2,14,8
8/5/2017,OH,Sylvania,-83.7,41.7,8,8
8/5/2017,NC,Mocksville,-80.5,35.9,3,8
8/5/2017,IL,Evanston,-87.7,42,19,8
8/5/2017,MN,Saint Paul,-93.1,44.9,8,8
8/5/2017,OK,Enid,-97.9,36.4,4,8
8/5/2017,NY,Oneida,-75.7,43.1,18,8
8/5/2017,IL,East Peoria,-89.5,40.7,2,8
8/5/2017,IL,Peoria,-89.6,40.8,10,8
8/5/2017,OK,Collinsville,-95.8,36.4,20,8
8/5/2017,NJ,Hackensack,-74,40.9,12,8
8/5/2017,OK,Haskell,-95.7,35.8,16,8
8/5/2017,MO,Miller,-93.8,37.2,4,8
8/5/2017,MO,Arnold,-90.4,38.4,52,8
8/5/2017,PA,Newtown,-75,40.3,12,8
8/5/2017,IL,Berwyn,-87.8,41.8,12,8
8/5/2017,ME,Harpswell,-70,43.8,46,8
8/5/2017,IL,Moline,-90.5,41.5,10,8
8/5/2017,AR,Little Rock,-92.3,34.6,21,8
8/5/2017,IL,Rockford,-89,42.2,3,8
8/5/2017,ON,Chatham-Kent,-82.2,42.4,4,8
8/5/2017,ME,Bowdoinham,-69.9,44,16,8
8/5/2017,MD,Middletown,-77.6,39.4,2,8
8/5/2017,OH,Cleveland,-81.7,41.5,2,8
8/5/2017,PA,Columbia,-76.5,40.1,1,8
8/5/2017,TX,Katy,-95.8,29.7,4,8
8/5/2017,CT,Simsbury,-72.8,41.9,7,8
8/5/2017,VA,Ashburn,-77.5,39.1,3,8
8/6/2017,MD,Severn,-76.7,39.1,23,8
8/6/2017,MN,Arden Hills,-93.2,45,3,8
8/6/2017,MD,Severna Park,-76.5,39.1,32,8
8/6/2017,NY,Indian Lake,-74.3,43.8,3,8
8/6/2017,IA,Ames,-93.7,42,3,8
8/6/2017,NY,East Islip,-73.2,40.7,3,8
8/6/2017,IL,Evanston,-87.7,42,9,8
8/6/2017,NJ,Hackensack,-74,40.9,25,8
8/6/2017,IL,Cortland,-88.7,41.9,41,8
8/6/2017,IA,Ames,-93.6,42,60,8
8/6/2017,MA,Lincoln,-71.3,42.4,1,8
8/6/2017,IL,Metamora,-89.4,40.8,8,8
8/6/2017,IL,Peoria,-89.6,40.8,105,8
8/6/2017,ME,Bowdoinham,-69.9,44,23,8
8/6/2017,IN,Fairbanks,-87.6,39.2,4,8
8/6/2017,MD,Middletown,-77.6,39.4,4,8
8/6/2017,CT,Bethel,-73.4,41.4,8,8
8/6/2017,OH,Hudson,-81.4,41.3,8,8
8/7/2017,ON,Hamilton,-80,43.2,5,8
8/7/2017,MN,Columbia Heights,-93.2,45,1,8
8/7/2017,OH,Mansfield,-82.5,40.8,20,8
8/7/2017,IL,Moline,-90.5,41.5,9,8
8/7/2017,IN,Elkhart,-85.9,41.7,15,8
8/7/2017,IL,Evanston,-87.7,42,3,8
8/7/2017,MN,Mankato,-94,44.2,9,8
8/7/2017,NY,Melrose,-73.6,42.8,5,8
8/7/2017,IL,Peoria,-89.6,40.8,2,8
8/7/2017,MA,Stoughton,-71.1,42.1,38,8
8/7/2017,AR,Witts Springs,-92.9,35.7,1,8
8/7/2017,NH,Dover,-70.9,43.2,1,8
8/7/2017,ME,Harpswell,-70,43.8,14,8
8/7/2017,ON,Toronto,-79.2,43.8,8,8
8/8/2017,MO,Independence,-94.4,39.1,2,8
8/8/2017,MA,Salem,-70.9,42.5,2,8
8/8/2017,IN,North Liberty,-86.3,41.5,30,8
8/8/2017,IN,North Liberty,-86.3,41.5,30,8
8/8/2017,MD,Elkton,-75.9,39.5,3,8
8/8/2017,PA,New Hope,-74.9,40.3,2,8
8/8/2017,PA,Laceyville,-76.1,41.7,25,8
8/8/2017,OK,Enid,-97.9,36.4,4,8
8/8/2017,WI,Allenton,-88.4,43.4,5,8
8/8/2017,IA,Ames,-93.6,42,19,8
8/8/2017,IN,Plainfield,-86.4,39.7,1,8
8/8/2017,IN,McCordsville,-85.9,39.9,14,8
8/8/2017,NY,Indian Lake,-74.3,43.8,1,8
8/8/2017,IL,Evanston,-87.7,42,16,8
8/8/2017,MD,Arnold,-76.5,39,40,8
8/8/2017,FL,Altamonte Springs,-81.4,28.7,10,8
8/8/2017,FL,Tallahassee,-84.3,30.5,5,8
8/9/2017,MO,Independence,-94.4,39.1,1,8
8/9/2017,IA,Coralville,-91.6,41.7,4,8
8/9/2017,NC,Fletcher,-82.5,35.4,100,8
8/9/2017,MN,Arden Hills,-93.2,45,3,8
8/9/2017,VT,Randolph,-72.6,43.9,6,8
8/9/2017,IL,Moline,-90.5,41.5,9,8
8/9/2017,OK,Enid,-97.9,36.4,3,8
8/9/2017,MO,Independence,-94.4,39.1,3,8
8/9/2017,TN,Johnson City,-82.3,36.4,70,8
8/9/2017,IL,Evanston,-87.7,42,43,8
8/9/2017,NY,,-73.8,40.8,15,8
8/9/2017,ME,Camden,-69.1,44.2,1,8
8/9/2017,TN,South Fulton,-88.9,36.4,6,8
8/9/2017,IA,Ames,-93.6,42,15,8
8/9/2017,IL,East Peoria,-89.5,40.7,37,8
8/9/2017,IN,Hammond,-87.5,41.6,1,8
8/9/2017,IN,Fairbanks,-87.6,39.2,7,8
8/9/2017,MD,Middletown,-77.6,39.4,12,8
8/9/2017,IL,Chicago,-87.7,42,6,8
8/9/2017,NJ,Somerville,-74.6,40.6,5,8
8/9/2017,ON,South Dundas,-75.2,44.9,11,8
8/9/2017,MI,,-85.5,43.1,8,8
8/9/2017,KS,Leavenworth,-94.9,39.3,25,8
8/9/2017,NY,,-73.8,40.7,5,8
8/9/2017,NY,Basom,-78.4,43.1,40,8
8/9/2017,NJ,Leonia,-74,40.9,6,8
8/9/2017,NJ,Hackensack,-74,40.9,2,8
8/10/2017,NC,Manteo,-75.7,35.9,10,8
8/10/2017,MN,Arden Hills,-93.2,45,4,8
8/10/2017,MD,Crofton,-76.7,39,9,8
8/10/2017,OK,Edmond,-97.5,35.7,1,8
8/10/2017,MO,Independence,-94.4,39.1,7,8
8/10/2017,IL,Evanston,-87.7,42,33,8
8/10/2017,PA,State College,-77.9,40.8,15,8
8/10/2017,IN,Fairbanks,-87.6,39.2,12,8
8/10/2017,MO,Independence,-94.4,39.1,3,8
8/10/2017,ON,South Dundas,-75.2,44.9,7,8
8/10/2017,ON,Chatham-Kent,-82.2,42.4,6,8
8/10/2017,IL,Peoria,-89.6,40.8,57,8
8/10/2017,VA,Madison,-78.3,38.4,3,8
8/10/2017,MI,,-85.5,43.1,8,8
8/10/2017,MO,Miller,-93.8,37.2,8,8
8/10/2017,NY,Savannah,-76.7,43.1,38,8
8/10/2017,IN,Angola,-85,41.7,2,8
8/10/2017,MI,Vicksburg,-85.5,42.1,150,8
8/10/2017,NY,Erieville,-75.7,42.9,10,8
8/10/2017,NJ,Hackensack,-74,40.9,2,8
8/10/2017,CT,Clinton,-72.5,41.3,2,8
8/10/2017,OK,Comanche,-98,34.3,24,8
8/11/2017,MN,Saint Paul,-93.1,44.9,8,8
8/11/2017,PA,New Hope,-75,40.4,3,8
8/11/2017,PA,New Hope,-75,40.4,3,8
8/11/2017,KS,Topeka,-95.6,39.1,1,8
8/11/2017,KS,Leavenworth,-94.9,39.3,13,8
8/11/2017,IL,Moline,-90.5,41.5,1,8
8/11/2017,DE,Newark,-75.8,39.7,1,8
8/11/2017,IN,Fairbanks,-87.6,39.2,8,8
8/11/2017,IL,Evanston,-87.7,42,47,8
8/11/2017,MI,Willis,-83.6,42.1,58,8
8/11/2017,MO,Independence,-94.4,39.1,2,8
8/11/2017,IA,Ames,-93.6,42,22,8
8/11/2017,MD,Middletown,-77.6,39.4,16,8
8/11/2017,NY,Indian Lake,-74.3,43.8,3,8
8/11/2017,TN,Morristown,-83.3,36.2,41,8
8/11/2017,PA,Fairfield,-77.4,39.8,20,8
8/11/2017,IL,Chicago,-87.7,42,4,8
8/11/2017,CT,Ashford,-72.2,41.9,3,8
8/11/2017,OK,Broken Arrow,-95.8,36,15,8
8/11/2017,MO,Miller,-93.7,37.2,4,8
8/11/2017,NY,Troy,-73.7,42.7,5,8
8/11/2017,NJ,Wenonah,-75.1,39.8,70,8
8/11/2017,PA,Langhorne,-74.9,40.2,2,8
8/11/2017,PA,Newtown,-75,40.3,17,8
8/11/2017,MN,Saint Paul,-93.1,44.9,2,8
8/11/2017,OK,Tulsa,-95.9,36,1,8
8/11/2017,VA,Ashburn,-77.5,39,5,8
8/11/2017,PA,Lansford,-75.9,40.8,7,8
8/11/2017,KY,Versailles,-84.8,38,12,8
8/11/2017,KY,Versailles,-84.8,38,7,8
8/11/2017,CT,Clinton,-72.5,41.3,3,8
8/12/2017,VA,Upperville,-77.9,39,5,8
8/12/2017,MD,Crofton,-76.7,39,4,8
8/12/2017,MI,Sterling Heights,-83,42.6,5,8
8/12/2017,IA,Coralville,-91.6,41.7,20,8
8/12/2017,NY,East Islip,-73.2,40.7,1,8
8/12/2017,NY,East Islip,-73.2,40.7,6,8
8/12/2017,IL,Rockford,-89,42.2,2,8
8/12/2017,NY,,-73.8,40.7,3,8
8/12/2017,MD,Crofton,-76.7,39,11,8
8/12/2017,IL,Evanston,-87.7,42,14,8
8/12/2017,IN,Newburgh,-87.4,37.9,1,8
8/12/2017,WI,Green Bay,-88,44.5,2,8
8/12/2017,IA,Ames,-93.6,42,13,8
8/12/2017,MA,Middleton,-71,42.6,12,8
8/12/2017,MO,Arnold,-90.4,38.4,76,8
8/12/2017,OK,Broken Arrow,-95.8,36,1,8
8/12/2017,IL,Rockford,-89,42.2,2,8
8/12/2017,MO,Miller,-93.8,37.2,16,8
8/12/2017,IL,Peoria,-89.6,40.7,205,8
8/12/2017,ON,Wheatley,-82.5,42.2,3,8
8/12/2017,WI,Arcadia,-91.4,44.2,2,8
8/12/2017,OH,Hudson,-81.4,41.2,4,8
8/12/2017,NJ,Hackensack,-74,40.9,2,8
8/13/2017,MD,Arnold,-76.5,39.1,15,8
8/13/2017,MN,Arden Hills,-93.2,45,2,8
8/13/2017,IN,Newburgh,-87.4,37.9,1,8
8/13/2017,MD,Crofton,-76.7,39,10,8
8/13/2017,IN,Fairbanks,-87.6,39.2,56,8
8/13/2017,IL,Evanston,-87.7,42,33,8
8/13/2017,MS,Laurel,-89,31.7,1,8
8/13/2017,MA,Sandwich,-70.5,41.8,3,8
8/13/2017,OK,Broken Arrow,-95.7,36.1,10,8
8/13/2017,MI,St. Johns,-84.6,43,1,8
8/13/2017,ON,Chatham-Kent,-82.2,42.4,2,8
8/13/2017,NY,Buffalo,-78.8,43,12,8
8/13/2017,MD,Pikesville,-76.8,39.4,3,8
8/13/2017,ON,Chatham-Kent,-82.2,42.4,1,8
8/13/2017,MD,Middletown,-77.6,39.4,5,8
8/13/2017,CO,Strasburg,-104.3,39.7,30,8
8/13/2017,NJ,Hackensack,-74,40.9,6,8
8/14/2017,MN,New Brighton,-93.2,45.1,1,8
8/14/2017,MI,,-85.5,43.1,1,8
8/14/2017,MD,Arnold,-76.5,39.1,8,8
8/14/2017,QC,Dunham,-72.8,45.1,20,8
8/14/2017,KS,Great Bend,-98.6,38.4,3,8
8/14/2017,ON,Chatham-Kent,-82.2,42.4,2,8
8/14/2017,NY,Buffalo,-78.8,43,12,8
8/14/2017,MO,Miller,-93.8,37.2,13,8
8/14/2017,PA,Newtown,-75,40.3,22,8
8/14/2017,IN,Hammond,-87.5,41.6,4,8
8/14/2017,NY,Indian Lake,-74.3,43.8,2,8
8/14/2017,OK,Tulsa,-96,36.2,4,8
8/14/2017,IA,Ames,-93.6,42,4,8
8/14/2017,FL,Oviedo,-81.2,28.7,3,8
8/14/2017,IL,Peoria,-89.6,40.8,129,8
8/14/2017,IL,Crystal Lake,-88.3,42.2,6,8
8/14/2017,CT,Clinton,-72.5,41.3,5,8
8/14/2017,NJ,Hackensack,-74,40.9,18,8
8/14/2017,VA,Sterling,-77.4,39,1,8
8/14/2017,VA,Sterling,-77.4,39,3,8
8/15/2017,MI,Battle Creek,-85.3,42.3,37,8
8/15/2017,OK,Stillwater,-97.1,36.1,2,8
8/15/2017,KS,Leavenworth,-94.9,39.3,4,8
8/15/2017,GA,Tucker,-84.2,33.9,1,8
8/15/2017,NY,Indian Lake,-74.3,43.8,1,8
8/15/2017,MO,Kansas city,-94.6,39.1,4,8
8/15/2017,MO,Independence,-94.4,39.1,8,8
8/15/2017,ON,Leamington,-82.5,42,81,8
8/15/2017,IL,Evanston,-87.7,42,4,8
8/15/2017,MO,Miller,-93.8,37.2,50,8
8/15/2017,KS,Great Bend,-98.6,38.4,5,8
8/15/2017,VA,Petersburg,-77.5,37.2,8,8
8/15/2017,MD,Middletown,-77.6,39.4,5,8
8/15/2017,WV,Fayetteville,-81.1,38,3,8
8/15/2017,AR,Lowell,-94.1,36.3,1,8
8/15/2017,MA,Lowell,-71.3,42.6,2,8
8/15/2017,CT,Clinton,-72.5,41.3,4,8
8/15/2017,IL,Springfield,-89.6,39.8,1,8
8/15/2017,NJ,Hackensack,-74,40.9,11,8
8/16/2017,OK,Tulsa,-95.9,36.1,10,8
8/16/2017,ON,Saint Catharines,-79.3,43.2,3,8
8/16/2017,TN,South Fulton,-88.9,36.4,9,8
8/16/2017,NY,Indian Lake,-74.3,43.8,6,8
8/16/2017,ON,Chatham-Kent,-82.2,42.4,1,8
8/16/2017,MO,Independence,-94.4,39.1,1,8
8/16/2017,IL,Flossmoor,-87.7,41.5,3,8
8/16/2017,WI,Freedom,-88.3,44.4,2,8
8/16/2017,MO,Miller,-93.7,37.2,15,8
8/16/2017,OK,Tulsa,-95.9,36.1,20,8
8/16/2017,OK,Grove,-94.8,36.6,6,8
8/16/2017,MD,Annapolis,-76.5,38.9,3,8
8/16/2017,OK,Tulsa,-95.9,36.2,3,8
8/16/2017,NS,West Porters Lake,-63.3,44.7,10,8
8/16/2017,VA,Virginia Beach,-76.2,36.8,21,8
8/16/2017,PA,Knox,-79.5,41.2,5,8
8/16/2017,OK,Tulsa,-96,36.2,4,8
8/16/2017,NJ,Hackensack,-74,40.9,11,8
8/17/2017,MD,Dundalk,-76.5,39.3,20,8
8/17/2017,CA,Loomis,-121.2,38.8,12,8
8/17/2017,MI,Rockford,-85.5,43.1,2,8
8/17/2017,NY,Indian Lake,-74.3,43.8,7,8
8/17/2017,MO,Independence,-94.4,39.1,11,8
8/17/2017,ON,Chatham-Kent,-82.2,42.4,8,8
8/17/2017,ON,Leamington,-82.5,42,38,8
8/17/2017,MD,Middletown,-77.6,39.4,6,8
8/17/2017,OK,Tulsa,-95.9,36,2,8
8/17/2017,GA,Atanta,-84.4,33.8,15,8
8/17/2017,IL,Peoria,-89.6,40.8,8,8
8/17/2017,NJ,Leonia,-74,40.9,2,8
8/18/2017,IL,Peoria,-89.6,40.8,13,8
8/18/2017,MD,Havre de Grace,-76.1,39.6,10,8
8/18/2017,IN,Fort Wayne,-85.3,41,1,8
8/18/2017,PA,Fairless Hills,-74.9,40.2,12,8
8/18/2017,PA,Langhorne,-74.9,40.2,5,8
8/18/2017,OK,Grove,-94.8,36.6,17,8
8/18/2017,NY,Indian Lake,-74.3,43.8,1,8
8/18/2017,MD,Arnold,-76.5,39.1,15,8
8/18/2017,GA,Tucker,-84.2,33.9,19,8
8/18/2017,IL,Peoria,-89.6,40.8,18,8
8/18/2017,MO,Miller,-93.8,37.2,33,8
8/18/2017,OH,Hudson,-81.4,41.3,4,8
8/18/2017,MD,Middletown,-77.6,39.4,2,8
8/18/2017,OH,Orrville,-81.8,40.8,5,8
8/18/2017,IA,Early,-95.2,42.5,12,8
8/18/2017,GA,Buford,-83.9,34.1,7,8
8/18/2017,CT,Clinton,-72.5,41.3,1,8
8/19/2017,OK,Edmond,-97.5,35.7,7,8
8/19/2017,MN,Eden Prairie,-93.4,44.8,18,8
8/19/2017,NY,Indian Lake,-74.3,43.8,3,8
8/19/2017,NY,New York,-73.8,40.6,36,8
8/19/2017,IL,Brussels,-90.5,38.9,6,8
8/19/2017,IA,Ames,-93.6,42,17,8
8/19/2017,IL,Peoria,-89.6,40.8,35,8
8/19/2017,IN,Fairbanks,-87.6,39.2,21,8
8/19/2017,OK,Tulsa,-96,36.2,2,8
8/19/2017,MD,Middletown,-77.6,39.4,8,8
8/19/2017,OK,Jenks,-96,36,8,8
8/19/2017,NE,Grand Island,-98.3,40.9,14,8
8/19/2017,NC,Deep Gap,-81.5,36.2,20,8
8/19/2017,NM,Questa,-105.7,36.7,2,8
8/19/2017,NE,Hastings,-98.4,40.6,1,8
8/19/2017,NM,Questa,-105.7,36.7,2,8
8/20/2017,NJ,Washington Township,-75.1,39.7,5,8
8/20/2017,MN,Laketown,-93.7,44.8,2,8
8/20/2017,IA,Ames,-93.6,42,40,8
8/20/2017,MO,Miller,-93.8,37.2,28,8
8/20/2017,MD,Middletown,-77.6,39.4,4,8
8/20/2017,NC,Winston-Salem,-80.3,36.1,12,8
8/20/2017,TX,Houston,-95.6,30,3,8
8/20/2017,IL,Peoria,-89.6,40.8,27,8
8/20/2017,IL,O'Fallon,-89.9,38.6,1,8
8/20/2017,IN,Indianapolis,-86,39.8,1,8
8/20/2017,MD,Rockville,-77.2,39.1,50,8
8/20/2017,OK,Mannford,-96.4,36.1,60,8
8/20/2017,MI,Sumpter,-83.4,42.2,7,8
8/20/2017,WV,Shepherdstown,-77.8,39.4,2,8
8/20/2017,VT,Marshfield,-72.3,44.3,1,8
8/20/2017,MI,Shelby charter Township,-83.1,42.6,6,8
8/20/2017,NC,Apex,-78.8,35.7,7,8
8/20/2017,NJ,Hackensack,-74,40.9,12,8
8/21/2017,MI,,-85.5,43.1,4,8
8/21/2017,IA,Ames,-93.6,42,14,8
8/21/2017,PA,Fairfield,-77.4,39.8,2,8
8/21/2017,MO,Miller,-93.7,37.2,14,8
8/21/2017,TX,Arlington,-97.2,32.7,38,8
8/21/2017,NY,Holtsville,-73,40.8,12,8
8/21/2017,MO,Saint Peters,-90.6,38.8,14,8
8/21/2017,VA,Ashburn,-77.5,39,10,8
8/21/2017,WI,West Bend,-88.2,43.4,2,8
8/21/2017,MI,Rockford,-85.5,43.1,2,8
8/21/2017,OH,Cincinnati,-84.5,39.1,4,8
8/22/2017,MN,Laketown,-93.7,44.8,1,8
8/22/2017,DC,Washington,-77,38.9,1,8
8/22/2017,FL,Melbourne,-80.6,28.1,7,8
8/22/2017,MO,Miller,-93.8,37.2,2,8
8/22/2017,OK,Tulsa,-96,36.2,6,8
8/22/2017,KS,Great Bend,-98.6,38.4,4,8
8/22/2017,ME,Harpswell,-70,43.8,8,8
8/22/2017,MD,Middletown,-77.6,39.4,1,8
8/22/2017,MO,Martinsburg,-91.7,39.1,20,8
8/22/2017,WI,West Bend,-88.2,43.4,1,8
8/22/2017,NJ,Cape May Point,-75,38.9,24,8
8/22/2017,DC,Washington,-77,38.9,1,8
8/22/2017,TN,Smyrna,-86.5,36,2,8
8/22/2017,NH,Concord,-71.5,43.2,6,8
8/22/2017,NE,Ashton,-98.8,41.2,4,8
8/23/2017,OK,Tulsa,-95.9,36.1,4,8
8/23/2017,MN,Eden Prairie,-93.4,44.8,2,8
8/23/2017,OK,Tulsa,-95.9,36,12,8
8/23/2017,AR,North Little Rock,-92.2,34.8,11,8
8/23/2017,NJ,Riverton,-75,40,6,8
8/23/2017,IL,Evanston,-87.7,42,3,8
8/23/2017,ON,Toronto,-79.6,43.7,1,8
8/23/2017,IL,Wheeling,-87.9,42.1,4,8
8/23/2017,OK,Yukon,-97.7,35.5,8,8
8/23/2017,CT,Beacon Falls,-73.1,41.4,5,8
8/23/2017,IL,Rockford,-89,42.2,2,8
8/23/2017,NY,Port Washington,-73.7,40.9,16,8
8/23/2017,MI,Wyandotte,-83.1,42.2,4,8
8/23/2017,WI,Hartford,-88.4,43.3,8,8
8/23/2017,KS,Newton,-97.3,38,4,8
8/23/2017,NY,Indian Lake,-74.3,43.8,2,8
8/23/2017,NC,Winston-Salem,-80.3,36.1,5,8
8/23/2017,OH,Broadview Heights,-81.7,41.3,5,8
8/23/2017,OK,Oklahoma City,-97.5,35.5,4,8
8/24/2017,PA,Nottingham,-76.1,39.8,1,8
8/24/2017,VA,Alexandria,-77.1,38.8,1,8
8/24/2017,TN,Union City,-89,36.4,1,8
8/24/2017,NJ,Interlaken,-74,40.2,8,8
8/24/2017,ON,Leamington,-82.5,42,15,8
8/24/2017,IL,Peoria,-89.6,40.8,24,8
8/24/2017,NY,Port Washington,-73.7,40.9,16,8
8/24/2017,IA,Davenport,-90.6,41.5,3,8
8/24/2017,MD,Middletown,-77.6,39.4,3,8
8/24/2017,MN,Waseca,-93.5,44.1,6,8
8/24/2017,MO,Miller,-93.8,37.2,36,8
8/24/2017,IL,Evanston,-87.7,42,3,8
8/24/2017,KS,Newton,-97.3,38,1,8
8/24/2017,MD,Middle River,-76.4,39.3,3,8
8/24/2017,WI,Allenton,-88.4,43.4,1,8
8/24/2017,GA,Augusta,-82,33.5,5,8
8/24/2017,IL,Rockford,-89,42.2,1,8
8/24/2017,MI,Sterling Heights,-83,42.6,1,8
8/24/2017,CT,Clinton,-72.5,41.3,4,8
8/24/2017,ON,Newmarket,-79.5,44.1,4,8
8/25/2017,MO,Pacific,-90.7,38.5,7,8
8/25/2017,OH,Blacklick,-82.8,40,4,8
8/25/2017,NC,Winston-Salem,-80.3,36.1,10,8
8/25/2017,KS,Manhattan,-96.6,39.2,1,8
8/25/2017,IN,Claypool,-86,41.1,35,8
8/25/2017,GUA,San Luis,-100.7,20.2,95,8
8/25/2017,MD,Crofton,-76.7,39,1,8
8/26/2017,FL,Melbourne,-80.7,28.2,70,8
8/26/2017,NC,Graham,-79.4,36.1,3,8
8/26/2017,MD,Chesapeake Beach,-76.5,38.7,1,8
8/26/2017,IN,Newburgh,-87.4,37.9,6,8
8/26/2017,OK,Oklahoma City,-97.5,35.5,7,8
8/26/2017,NY,Centerport,-73.4,40.9,1,8
8/26/2017,OK,Enid,-97.9,36.4,3,8
8/26/2017,IA,Ames,-93.6,42,16,8
8/26/2017,IL,Peoria,-89.6,40.8,5,8
8/26/2017,ON,Leamington,-82.5,42,55,8
8/26/2017,MO,Miller,-93.8,37.2,59,8
8/26/2017,IL,Bolingbrook,-88.1,41.7,2,8
8/26/2017,PA,Pennsylvania Furnace,-77.9,40.7,1,8
8/26/2017,OK,Broken Arrow,-95.8,36,65,8
8/26/2017,CA,Menlo Park,-122.2,37.5,20,8
8/26/2017,NJ,Hackensack,-74,40.9,11,8
8/27/2017,IL,Rockford,-89,42.2,2,8
8/27/2017,NM,Alamogordo,-106,32.9,13,8
8/27/2017,KY,Louisville,-85.9,38.1,1,8
8/27/2017,NE,Hastings,-98.4,40.6,2,8
8/27/2017,IL,Peoria,-89.6,40.8,14,8
8/27/2017,LA,Gretna,-90,29.9,1,8
8/27/2017,IL,Evanston,-87.7,42,4,8
8/27/2017,CA,Woodland,-121.8,38.7,5,8
8/27/2017,NJ,Clifton,-74.2,40.9,1,8
8/27/2017,IL,Jacksonville,-90.2,39.7,4,8
8/27/2017,GA,Lilburn,-84.1,33.9,7,8
8/27/2017,IL,Jacksonville,-90.2,39.7,4,8
8/28/2017,GA,Eatonton,-83.2,33.4,3,8
8/28/2017,IL,Peoria,-89.6,40.8,3,8
8/28/2017,KS,Olathe,-94.8,38.9,3,8
8/28/2017,MO,Miller,-93.8,37.2,47,8
8/28/2017,IL,Evanston,-87.7,42,1,8
8/28/2017,IL,Flossmoor,-87.7,41.5,3,8
8/28/2017,MD,Middletown,-77.6,39.4,1,8
8/28/2017,MD,Crofton,-76.7,39,3,8
8/28/2017,TX,Spring Branch,-98.4,29.8,1,8
8/28/2017,WI,Bayside,-87.9,43.2,2,8
8/29/2017,IL,Urbana,-88.2,40.1,16,8
8/29/2017,GA,Tucker,-84.2,33.9,7,8
8/29/2017,MO,Licking,-91.9,37.5,20,8
8/29/2017,IA,Ames,-93.6,42,9,8
8/29/2017,MI,Vicksburg,-85.5,42.1,1,8
8/29/2017,GA,Dalton,-85,34.8,22,8
8/29/2017,KY,Mayfield,-88.6,36.7,10,8
8/29/2017,TX,Seabrook,-95,29.6,3,8
8/29/2017,TN,Delano,-84.6,35.3,12,8
8/29/2017,ON,Saint Catharines,-79.3,43.2,2,8
8/30/2017,NY,Indian Lake,-74.3,43.8,1,8
8/30/2017,IN,Newburgh,-87.4,37.9,2,8
8/30/2017,MO,Independence,-94.4,39.1,10,8
8/30/2017,OK,Norman,-97.5,35.2,3,8
8/30/2017,MD,Middletown,-77.6,39.4,8,8
8/30/2017,KS,Great Bend,-98.6,38.4,3,8
8/30/2017,ON,Gravenhurst,-79.4,44.9,1,8
8/30/2017,TX,Terrell,-96.3,32.8,6,8
8/30/2017,TX,Richardson,-96.7,33,1,8
8/30/2017,VA,Madison,-78.3,38.4,8,8
8/30/2017,MA,Plymouth,-70.6,41.8,1,8
8/30/2017,TN,Morristown,-83.3,36.2,4,8
8/30/2017,IL,Flossmoor,-87.7,41.5,3,8
8/30/2017,VA,Haymarket,-77.6,38.8,2,8
8/30/2017,ON,Saint Catharines,-79.2,43.2,2,8
8/30/2017,TN,Union City,-89,36.4,1,8
8/30/2017,SD,Vermillion,-96.9,42.8,1,8
8/30/2017,NC,Charlotte,-80.8,35.2,25,8
8/31/2017,CA,Coulterville,-120.3,37.8,15,8
8/31/2017,CA,Santa Monica,-118.5,34,5,8
8/31/2017,VA,Waterford,-77.6,39.2,2,8
8/31/2017,VA,Madison,-78.3,38.4,5,8
8/31/2017,MO,Florence,-93,38.6,10,8
8/31/2017,ON,Chatham-Kent,-82.2,42.4,1,8
8/31/2017,OH,Pickerington,-82.8,39.9,3,8
8/31/2017,OK,Edmond,-97.5,35.7,1,8
8/31/2017,MO,Miller,-93.7,37.2,13,8
8/31/2017,MD,Middletown,-77.6,39.4,7,8
8/31/2017,ON,Newmarket,-79.5,44.1,8,8
9/1/2017,CT,North Stonington,-71.9,41.4,6,9
9/1/2017,TX,Cookville,-94.8,33.2,2,9
9/1/2017,CT,Clinton,-72.5,41.3,1,9
9/1/2017,IL,Flossmoor,-87.7,41.5,2,9
9/1/2017,MA,Provincetown,-70.2,42.1,1,9
9/1/2017,NY,Port Washington,-73.7,40.8,19,9
9/1/2017,TX,Terrell,-96.3,32.8,8,9
9/1/2017,OK,Edmond,-97.5,35.7,23,9
9/1/2017,IL,Millstadt,-90.1,38.5,12,9
9/1/2017,OK,Guthrie,-97.5,35.8,60,9
9/1/2017,TN,Crossville,-85.1,36,2,9
9/1/2017,LA,Pitkin,-93,30.9,170,9
9/2/2017,IN,Frankfort,-86.5,40.3,4,9
9/2/2017,OK,Edmond,-97.5,35.7,15,9
9/2/2017,KS,Great Bend,-98.7,38.3,6,9
9/2/2017,MO,Miller,-93.8,37.2,37,9
9/2/2017,MO,Florence,-93,38.6,3,9
9/2/2017,TX,Plano,-96.7,33,1,9
9/2/2017,GA,Tyrone,-84.6,33.5,1,9
9/2/2017,LA,Pitkin,-93,30.9,120,9
9/2/2017,UT,Salt Lake City,-111.8,40.8,55,9
9/3/2017,KY,Lexington,-84.5,38,9,9
9/3/2017,OK,Norman,-97.5,35.2,2,9
9/3/2017,TX,Arlington,-97.2,32.7,25,9
9/3/2017,MO,Joplin,-94.5,37.1,5,9
9/3/2017,ME,Bristol,-69.5,43.9,8,9
9/3/2017,VA,Fairfax,-77.3,38.8,2,9
9/3/2017,TN,Crossville,-85.1,36,2,9
9/3/2017,MD,Middletown,-77.6,39.4,1,9
9/4/2017,NC,Raleigh,-78.7,35.9,6,9
9/4/2017,TN,Chattanooga,-85.3,35.1,1,9
9/4/2017,IN,Newburgh,-87.4,37.9,10,9
9/4/2017,TX,Fair Oaks Ranch,-98.7,29.7,1,9
9/4/2017,MO,Florence,-93,38.6,3,9
9/4/2017,MO,Ballwin,-90.5,38.6,3,9
9/4/2017,IN,Terre Haute,-87.3,39.4,4,9
9/4/2017,AL,Fairhope,-87.9,30.5,12,9
9/4/2017,MO,Columbia,-92.1,39,2,9
9/4/2017,FL,Daytona Beach,-81,29.2,2,9
9/4/2017,TX,Fair Oaks Ranch,-98.7,29.7,1,9
9/4/2017,KS,Great Bend,-98.6,38.4,3,9
9/4/2017,CA,Carlsbad,-117.3,33.2,100,9
9/4/2017,GA,Rome,-85.2,34.3,13,9
9/4/2017,VA,Fairfax,-77.3,38.8,2,9
9/4/2017,TX,Richardson,-96.8,33,9,9
9/4/2017,ON,Toronto,-79.5,43.7,1,9
9/4/2017,TN,Delano,-84.6,35.3,4,9
9/5/2017,OK,Oklahoma City,-97.5,35.5,22,9
9/5/2017,NC,Charlotte,-80.8,35.2,10,9
9/5/2017,GA,Tucker,-84.2,33.9,21,9
9/5/2017,MO,Miller,-93.8,37.2,8,9
9/5/2017,TX,Seabrook,-95,29.6,25,9
9/5/2017,GA,Fayetteville,-84.5,33.4,110,9
9/5/2017,OK,Tulsa,-96,36.2,6,9
9/5/2017,IL,Wood Dale,-88,42,11,9
9/5/2017,NJ,Hackettstown,-75,41,7,9
9/5/2017,VA,Virginia Beach,-76.1,36.9,40,9
9/5/2017,TN,Jonesborough,-82.5,36.3,3,9
9/5/2017,MD,Middletown,-77.6,39.4,5,9
9/6/2017,ON,Toronto,-79.5,43.6,1,9
9/6/2017,WI,McFarland,-89.3,43,2,9
9/6/2017,CA,Los Angeles,-118.5,34,1,9
9/6/2017,TN,Delano,-84.6,35.3,3,9
9/6/2017,PA,Philadelphia,-75.2,40,2,9
9/6/2017,NC,Glenwood,-81.9,35.6,2,9
9/7/2017,NC,Winston-Salem,-80.3,36.1,25,9
9/7/2017,AR,Hensley,-92.2,34.5,20,9
9/7/2017,IN,Auburn,-85.1,41.4,2,9
9/7/2017,IN,Newburgh,-87.4,37.9,2,9
9/7/2017,GA,Tucker,-84.2,33.9,8,9
9/7/2017,TN,Murfreesboro,-86.4,35.8,5,9
9/7/2017,MD,Hagerstown,-77.7,39.7,1,9
9/7/2017,MO,Miller,-93.8,37.2,26,9
9/7/2017,FL,Destin,-86.5,30.4,5,9
9/7/2017,FL,Destin,-86.5,30.4,5,9
9/7/2017,ON,Saint Catharines,-79.3,43.2,4,9
9/7/2017,OK,Edmond,-97.5,35.7,21,9
9/7/2017,VA,Petersburg,-77.5,37.2,1,9
9/7/2017,TN,Jonesborough,-82.5,36.3,2,9
9/7/2017,ON,Hastings,-78,44.3,3,9
9/8/2017,TX,Abilene,-99.7,32.3,6,9
9/8/2017,TX,Frisco,-96.8,33.2,20,9
9/8/2017,OK,Edmond,-97.5,35.7,1,9
9/8/2017,FL,Tallahassee,-84.3,30.5,6,9
9/9/2017,NY,Port Washington,-73.7,40.8,11,9
9/10/2017,FL,Destin,-86.4,30.4,5,9
9/10/2017,MO,Ash Grove,-93.7,37.2,5,9
9/10/2017,NM,Albuquerque,-106.5,35.1,20,9
9/11/2017,MO,Miller,-93.8,37.2,17,9
9/11/2017,NC,New Bern,-77,35.1,35,9
9/11/2017,NM,Alamogordo,-106,32.9,2,9
9/11/2017,VA,Madison,-78.3,38.4,3,9
9/12/2017,FL,Destin,-86.4,30.4,8,9
9/12/2017,IL,Wood Dale,-88,42,2,9
9/12/2017,TX,Plainview,-101.7,34.2,4,9
9/13/2017,IL,Lockport,-88.1,41.6,2,9
9/13/2017,IN,McCordsville,-85.9,39.9,3,9
9/14/2017,PA,Columbia,-76.5,40,2,9
9/14/2017,NC,Barco,-76,36.4,16,9
9/14/2017,TN,Delano,-84.6,35.3,3,9
9/14/2017,VA,Virginia Beach,-76.1,36.9,6,9
9/14/2017,OK,Tulsa,-95.9,36.1,30,9
9/14/2017,NY,Port Washington,-73.7,40.8,1,9
9/14/2017,MO,Miller,-93.8,37.2,7,9
9/14/2017,IL,Flossmoor,-87.7,41.5,1,9
9/14/2017,CA,Sunnyvale,-122,37.4,9,9
9/14/2017,TX,Dallas,-96.8,32.9,5,9
9/14/2017,TX,Lufkin,-94.7,31.4,16,9
9/15/2017,CA,Davis,-121.7,38.6,1,9
9/15/2017,KY,Mayfield,-88.6,36.7,5,9
9/15/2017,MO,Wildwood,-90.6,38.6,100,9
9/16/2017,OK,Oklahoma City,-97.5,35.5,7,9
9/16/2017,OK,Tulsa,-96,36.2,12,9
9/16/2017,MO,Miller,-93.8,37.2,4,9
9/17/2017,IN,McCordsville,-85.9,39.9,23,9
9/17/2017,MS,Hattiesburg,-89.3,31.3,1,9
9/18/2017,TX,Fort Worth,-97.3,32.8,6,9
9/18/2017,MO,Ballwin,-90.5,38.6,1,9
9/18/2017,SC,Mount Pleasant,-79.8,32.8,1,9
9/19/2017,TX,San Antonio,-98.8,29.5,3,9
9/19/2017,NJ,Long Beach Township,-74.1,39.7,6,9
9/19/2017,CA,Petaluma,-122.6,38.2,20,9
9/20/2017,OK,Oklahoma City,-97.5,35.5,5,9
9/20/2017,OH,Lancaster,-82.6,39.7,65,9
9/20/2017,OK,Tulsa,-96,36.2,12,9
9/21/2017,TX,Seabrook,-95,29.6,60,9
9/21/2017,TN,Cornersville,-86.8,35.4,30,9
9/21/2017,CA,Petaluma,-122.6,38.2,15,9
9/22/2017,FL,Jacksonville,-81.7,30.3,5,9
9/22/2017,TX,Dublin,-98.4,32,14,9
9/23/2017,OK,Tulsa,-96,36.2,43,9
9/24/2017,SC,Spartanburg,-81.9,35,20,9
9/24/2017,OK,Edmond,-97.5,35.7,20,9
9/25/2017,OK,Tulsa,-96,36.2,2,9
9/25/2017,OK,Edmond,-97.5,35.7,2,9
9/25/2017,AL,Munford,-86,33.5,48,9
9/27/2017,TX,Little Elm,-96.9,33.2,3,9
9/28/2017,VA,Virginia Beach,-76,36.8,5,9
9/28/2017,FL,Boynton Beach,-80.1,26.5,40,9
9/28/2017,TX,Spring,-95.5,30,4,9
9/28/2017,NC,Jacksonville,-77.5,34.9,52,9
9/28/2017,OK,Edmond,-97.5,35.7,19,9
9/28/2017,FL,Destin,-86.4,30.4,3,9
9/29/2017,TX,Little Elm,-96.9,33.2,1,9
9/29/2017,CA,Petaluma,-122.6,38.2,18,9
9/29/2017,OK,Edmond,-97.5,35.7,3,9
9/29/2017,NC,Apex,-78.8,35.7,13,9
9/30/2017,GA,Warner Robins,-83.7,32.6,100,9
9/30/2017,OK,Edmond,-97.5,35.7,6,9
9/30/2017,NC,Apex,-78.8,35.7,10,9
10/2/2017,FL,Destin,-86.4,30.4,2,10
10/2/2017,OK,Tulsa,-96,36.1,4,10
10/2/2017,OK,Edmond,-97.5,35.7,1,10
10/2/2017,CA,Petaluma,-122.6,38.2,8,10
10/2/2017,OK,Tulsa,-95.9,36.2,1,10
10/2/2017,TX,Dallas,-96.8,32.8,12,10
10/2/2017,AR,Little Rock,-92.5,34.7,1,10
10/3/2017,TX,Rosenberg,-95.7,29.5,11,10
10/4/2017,SC,Bluffton,-80.9,32.2,41,10
10/4/2017,GA,Dalton,-84.9,34.8,44,10
10/5/2017,TX,Rosenberg,-95.8,29.6,15,10
10/5/2017,GUA,AcÃ¡mbaro,-100.7,20,40,10
10/5/2017,TX,Abilene,-99.7,32.4,1,10
10/6/2017,TX,League City,-95.1,29.5,3,10
10/6/2017,OK,Broken Arrow,-95.8,36,6,10
10/7/2017,OK,Broken Arrow,-95.8,36,27,10
10/8/2017,TX,Rosenberg,-95.7,29.5,1,10
10/8/2017,TX,Pflugerville,-97.6,30.4,11,10
10/9/2017,TX,Dallas,-96.8,32.8,42,10
10/9/2017,CA,san luis obispo,-120.7,35.3,2,10
10/9/2017,AR,Hensley,-92.2,34.5,15,10
10/10/2017,MS,Columbia,-89.8,31.3,20,10
10/11/2017,KY,Smithfield,-85.3,38.4,50,10
10/11/2017,TX,Dickinson,-95.1,29.5,2,10
10/11/2017,TX,Pearland,-95.3,29.6,15,10
10/12/2017,FL,Destin,-86.4,30.4,5,10
10/12/2017,NY,Hudson,-73.8,42.3,1,10
10/14/2017,FL,Ocala,-82.1,29.1,30,10
10/14/2017,TX,Plano,-96.7,33,2,10
10/15/2017,FL,Jacksonville,-81.5,30.4,9,10
10/15/2017,CA,Petaluma,-122.6,38.2,2,10
10/15/2017,TX,Rockport,-96.9,28.2,10,10
10/16/2017,LA,New Iberia,-91.8,30,10,10
10/17/2017,OK,Marlow,-98,34.6,20,10
10/17/2017,FL,Largo,-82.8,27.9,5,10
10/18/2017,CA,Petaluma,-122.6,38.2,1,10
10/19/2017,CA,Petaluma,-122.6,38.2,4,10
10/19/2017,TX,Sugar Land,-95.6,29.6,200,10
10/19/2017,CA,Petaluma,-122.6,38.2,3,10
10/22/2017,CA,Petaluma,-122.6,38.2,7,10
10/24/2017,NC,Huntersville,-80.8,35.4,6,10
10/25/2017,TX,Rosenberg,-95.7,29.5,8,10
10/25/2017,CA,Petaluma,-122.6,38.2,3,10
10/26/2017,GA,Athens,-83.4,34,5,10
10/26/2017,FL,Fernandina Beach,-81.5,30.7,10,10
10/26/2017,FL,Apalachicola,-85.1,29.7,5,10
10/27/2017,TX,League City,-95.1,29.5,2,10
10/27/2017,FL,Destin,-86.4,30.4,7,10
10/28/2017,CA,Campbell,-122,37.3,3,10
10/30/2017,CA,Petaluma,-122.6,38.2,5,10
10/31/2017,CA,Petaluma,-122.6,38.2,5,10
10/31/2017,FL,Miramar,-80.4,26,25,10
11/1/2017,FL,Destin,-86.4,30.4,14,11
11/3/2017,FL,Fort Walton Beach,-86.6,30.4,10,11
11/4/2017,TX,Cypress,-95.7,30,3,11
11/4/2017,GUA,San Antonio de la Cueva,-100.2,21.4,14,11
11/5/2017,TX,University Park,-96.8,32.8,3,11
11/5/2017,TX,University Park,-96.8,32.8,16,11
11/5/2017,TX,Jefferson,-94.3,32.9,3,11
11/7/2017,FL,Destin,-86.4,30.4,4,11
11/11/2017,TX,Rosenberg,-95.7,29.5,1,11
11/14/2017,FL,Destin,-86.4,30.4,5,11
11/17/2017,FL,Fort Walton Beach,-86.6,30.4,5,11
11/18/2017,TX,Sugar Land,-95.6,29.6,20,11
11/25/2017,TX,Spring,-95.5,30,3,11
11/30/2017,CA,Long Beach,-118.1,33.8,4,11
12/3/2017,TX,Port Lavaca,-96.8,28.4,3,12
12/15/2017,LA,Gretna,-90.1,29.9,7,12
12/18/2017,LA,Gretna,-90.1,29.9,9,12
12/19/2017,LA,Gretna,-90.1,29.9,1,12
12/25/2017,CA,Woodland,-121.9,38.7,1,12
